record_type,analysis_family,surface,group,arm,left_arm,right_arm,condition,query_family,stratum,metric,value_pct,estimate_pp,ci95_lower_pp,ci95_upper_pp,row_count,history_cluster_count,bootstrap_samples,bootstrap_seed,source_file
absolute,matched_eight_arm,pooled_A_B,by_arm,graphiti_memory_16384,,,,,,exact_match,55.42,,,,240,12,,,results/persona_joint_kimi_ab_a100_build1/analysis/analysis.json
absolute,matched_eight_arm,pooled_A_B,by_arm,graphiti_memory_16384,,,,,,f1,59.78,,,,240,12,,,results/persona_joint_kimi_ab_a100_build1/analysis/analysis.json
absolute,matched_eight_arm,pooled_A_B,by_arm,graphiti_memory_4096,,,,,,exact_match,40.42,,,,240,12,,,results/persona_joint_kimi_ab_a100_build1/analysis/analysis.json
absolute,matched_eight_arm,pooled_A_B,by_arm,graphiti_memory_4096,,,,,,f1,47.71,,,,240,12,,,results/persona_joint_kimi_ab_a100_build1/analysis/analysis.json
absolute,matched_eight_arm,pooled_A_B,by_arm,hybrid_kg_memory_16384,,,,,,exact_match,69.17,,,,240,12,,,results/persona_joint_kimi_ab_a100_build1/analysis/analysis.json
absolute,matched_eight_arm,pooled_A_B,by_arm,hybrid_kg_memory_16384,,,,,,f1,70.24,,,,240,12,,,results/persona_joint_kimi_ab_a100_build1/analysis/analysis.json
absolute,matched_eight_arm,pooled_A_B,by_arm,hybrid_kg_memory_4096,,,,,,exact_match,67.50,,,,240,12,,,results/persona_joint_kimi_ab_a100_build1/analysis/analysis.json
absolute,matched_eight_arm,pooled_A_B,by_arm,hybrid_kg_memory_4096,,,,,,f1,70.03,,,,240,12,,,results/persona_joint_kimi_ab_a100_build1/analysis/analysis.json
absolute,matched_eight_arm,pooled_A_B,by_arm,sliding_context_16384,,,,,,exact_match,52.92,,,,240,12,,,results/persona_joint_kimi_ab_a100_build1/analysis/analysis.json
absolute,matched_eight_arm,pooled_A_B,by_arm,sliding_context_16384,,,,,,f1,57.42,,,,240,12,,,results/persona_joint_kimi_ab_a100_build1/analysis/analysis.json
absolute,matched_eight_arm,pooled_A_B,by_arm,sliding_context_4096,,,,,,exact_match,30.42,,,,240,12,,,results/persona_joint_kimi_ab_a100_build1/analysis/analysis.json
absolute,matched_eight_arm,pooled_A_B,by_arm,sliding_context_4096,,,,,,f1,33.64,,,,240,12,,,results/persona_joint_kimi_ab_a100_build1/analysis/analysis.json
absolute,matched_eight_arm,pooled_A_B,by_arm,structured_memory_16384,,,,,,exact_match,62.08,,,,240,12,,,results/persona_joint_kimi_ab_a100_build1/analysis/analysis.json
absolute,matched_eight_arm,pooled_A_B,by_arm,structured_memory_16384,,,,,,f1,64.60,,,,240,12,,,results/persona_joint_kimi_ab_a100_build1/analysis/analysis.json
absolute,matched_eight_arm,pooled_A_B,by_arm,structured_memory_4096,,,,,,exact_match,60.83,,,,240,12,,,results/persona_joint_kimi_ab_a100_build1/analysis/analysis.json
absolute,matched_eight_arm,pooled_A_B,by_arm,structured_memory_4096,,,,,,f1,62.76,,,,240,12,,,results/persona_joint_kimi_ab_a100_build1/analysis/analysis.json
absolute,matched_eight_arm,pooled_A_B,by_arm_condition,graphiti_memory_16384,,,delayed_probe,,,exact_match,25.00,,,,48,12,,,results/persona_joint_kimi_ab_a100_build1/analysis/analysis.json
absolute,matched_eight_arm,pooled_A_B,by_arm_condition,graphiti_memory_16384,,,delayed_probe,,,f1,32.22,,,,48,12,,,results/persona_joint_kimi_ab_a100_build1/analysis/analysis.json
absolute,matched_eight_arm,pooled_A_B,by_arm_condition,graphiti_memory_16384,,,post_update,,,exact_match,60.42,,,,48,12,,,results/persona_joint_kimi_ab_a100_build1/analysis/analysis.json
absolute,matched_eight_arm,pooled_A_B,by_arm_condition,graphiti_memory_16384,,,post_update,,,f1,67.64,,,,48,12,,,results/persona_joint_kimi_ab_a100_build1/analysis/analysis.json
absolute,matched_eight_arm,pooled_A_B,by_arm_condition,graphiti_memory_16384,,,pre_update,,,exact_match,91.67,,,,48,12,,,results/persona_joint_kimi_ab_a100_build1/analysis/analysis.json
absolute,matched_eight_arm,pooled_A_B,by_arm_condition,graphiti_memory_16384,,,pre_update,,,f1,91.67,,,,48,12,,,results/persona_joint_kimi_ab_a100_build1/analysis/analysis.json
absolute,matched_eight_arm,pooled_A_B,by_arm_condition,graphiti_memory_16384,,,token_distance_4096,,,exact_match,50.00,,,,48,12,,,results/persona_joint_kimi_ab_a100_build1/analysis/analysis.json
absolute,matched_eight_arm,pooled_A_B,by_arm_condition,graphiti_memory_16384,,,token_distance_4096,,,f1,53.96,,,,48,12,,,results/persona_joint_kimi_ab_a100_build1/analysis/analysis.json
absolute,matched_eight_arm,pooled_A_B,by_arm_condition,graphiti_memory_16384,,,token_distance_8192,,,exact_match,50.00,,,,48,12,,,results/persona_joint_kimi_ab_a100_build1/analysis/analysis.json
absolute,matched_eight_arm,pooled_A_B,by_arm_condition,graphiti_memory_16384,,,token_distance_8192,,,f1,53.40,,,,48,12,,,results/persona_joint_kimi_ab_a100_build1/analysis/analysis.json
absolute,matched_eight_arm,pooled_A_B,by_arm_condition,graphiti_memory_4096,,,delayed_probe,,,exact_match,22.92,,,,48,12,,,results/persona_joint_kimi_ab_a100_build1/analysis/analysis.json
absolute,matched_eight_arm,pooled_A_B,by_arm_condition,graphiti_memory_4096,,,delayed_probe,,,f1,31.54,,,,48,12,,,results/persona_joint_kimi_ab_a100_build1/analysis/analysis.json
absolute,matched_eight_arm,pooled_A_B,by_arm_condition,graphiti_memory_4096,,,post_update,,,exact_match,62.50,,,,48,12,,,results/persona_joint_kimi_ab_a100_build1/analysis/analysis.json
absolute,matched_eight_arm,pooled_A_B,by_arm_condition,graphiti_memory_4096,,,post_update,,,f1,69.58,,,,48,12,,,results/persona_joint_kimi_ab_a100_build1/analysis/analysis.json
absolute,matched_eight_arm,pooled_A_B,by_arm_condition,graphiti_memory_4096,,,pre_update,,,exact_match,87.50,,,,48,12,,,results/persona_joint_kimi_ab_a100_build1/analysis/analysis.json
absolute,matched_eight_arm,pooled_A_B,by_arm_condition,graphiti_memory_4096,,,pre_update,,,f1,88.33,,,,48,12,,,results/persona_joint_kimi_ab_a100_build1/analysis/analysis.json
absolute,matched_eight_arm,pooled_A_B,by_arm_condition,graphiti_memory_4096,,,token_distance_4096,,,exact_match,12.50,,,,48,12,,,results/persona_joint_kimi_ab_a100_build1/analysis/analysis.json
absolute,matched_eight_arm,pooled_A_B,by_arm_condition,graphiti_memory_4096,,,token_distance_4096,,,f1,25.07,,,,48,12,,,results/persona_joint_kimi_ab_a100_build1/analysis/analysis.json
absolute,matched_eight_arm,pooled_A_B,by_arm_condition,graphiti_memory_4096,,,token_distance_8192,,,exact_match,16.67,,,,48,12,,,results/persona_joint_kimi_ab_a100_build1/analysis/analysis.json
absolute,matched_eight_arm,pooled_A_B,by_arm_condition,graphiti_memory_4096,,,token_distance_8192,,,f1,24.04,,,,48,12,,,results/persona_joint_kimi_ab_a100_build1/analysis/analysis.json
absolute,matched_eight_arm,pooled_A_B,by_arm_condition,hybrid_kg_memory_16384,,,delayed_probe,,,exact_match,43.75,,,,48,12,,,results/persona_joint_kimi_ab_a100_build1/analysis/analysis.json
absolute,matched_eight_arm,pooled_A_B,by_arm_condition,hybrid_kg_memory_16384,,,delayed_probe,,,f1,46.67,,,,48,12,,,results/persona_joint_kimi_ab_a100_build1/analysis/analysis.json
absolute,matched_eight_arm,pooled_A_B,by_arm_condition,hybrid_kg_memory_16384,,,post_update,,,exact_match,100.00,,,,48,12,,,results/persona_joint_kimi_ab_a100_build1/analysis/analysis.json
absolute,matched_eight_arm,pooled_A_B,by_arm_condition,hybrid_kg_memory_16384,,,post_update,,,f1,100.00,,,,48,12,,,results/persona_joint_kimi_ab_a100_build1/analysis/analysis.json
absolute,matched_eight_arm,pooled_A_B,by_arm_condition,hybrid_kg_memory_16384,,,pre_update,,,exact_match,70.83,,,,48,12,,,results/persona_joint_kimi_ab_a100_build1/analysis/analysis.json
absolute,matched_eight_arm,pooled_A_B,by_arm_condition,hybrid_kg_memory_16384,,,pre_update,,,f1,70.83,,,,48,12,,,results/persona_joint_kimi_ab_a100_build1/analysis/analysis.json
absolute,matched_eight_arm,pooled_A_B,by_arm_condition,hybrid_kg_memory_16384,,,token_distance_4096,,,exact_match,70.83,,,,48,12,,,results/persona_joint_kimi_ab_a100_build1/analysis/analysis.json
absolute,matched_eight_arm,pooled_A_B,by_arm_condition,hybrid_kg_memory_16384,,,token_distance_4096,,,f1,71.43,,,,48,12,,,results/persona_joint_kimi_ab_a100_build1/analysis/analysis.json
absolute,matched_eight_arm,pooled_A_B,by_arm_condition,hybrid_kg_memory_16384,,,token_distance_8192,,,exact_match,60.42,,,,48,12,,,results/persona_joint_kimi_ab_a100_build1/analysis/analysis.json
absolute,matched_eight_arm,pooled_A_B,by_arm_condition,hybrid_kg_memory_16384,,,token_distance_8192,,,f1,62.29,,,,48,12,,,results/persona_joint_kimi_ab_a100_build1/analysis/analysis.json
absolute,matched_eight_arm,pooled_A_B,by_arm_condition,hybrid_kg_memory_4096,,,delayed_probe,,,exact_match,58.33,,,,48,12,,,results/persona_joint_kimi_ab_a100_build1/analysis/analysis.json
absolute,matched_eight_arm,pooled_A_B,by_arm_condition,hybrid_kg_memory_4096,,,delayed_probe,,,f1,60.21,,,,48,12,,,results/persona_joint_kimi_ab_a100_build1/analysis/analysis.json
absolute,matched_eight_arm,pooled_A_B,by_arm_condition,hybrid_kg_memory_4096,,,post_update,,,exact_match,100.00,,,,48,12,,,results/persona_joint_kimi_ab_a100_build1/analysis/analysis.json
absolute,matched_eight_arm,pooled_A_B,by_arm_condition,hybrid_kg_memory_4096,,,post_update,,,f1,100.00,,,,48,12,,,results/persona_joint_kimi_ab_a100_build1/analysis/analysis.json
absolute,matched_eight_arm,pooled_A_B,by_arm_condition,hybrid_kg_memory_4096,,,pre_update,,,exact_match,68.75,,,,48,12,,,results/persona_joint_kimi_ab_a100_build1/analysis/analysis.json
absolute,matched_eight_arm,pooled_A_B,by_arm_condition,hybrid_kg_memory_4096,,,pre_update,,,f1,68.75,,,,48,12,,,results/persona_joint_kimi_ab_a100_build1/analysis/analysis.json
absolute,matched_eight_arm,pooled_A_B,by_arm_condition,hybrid_kg_memory_4096,,,token_distance_4096,,,exact_match,58.33,,,,48,12,,,results/persona_joint_kimi_ab_a100_build1/analysis/analysis.json
absolute,matched_eight_arm,pooled_A_B,by_arm_condition,hybrid_kg_memory_4096,,,token_distance_4096,,,f1,64.65,,,,48,12,,,results/persona_joint_kimi_ab_a100_build1/analysis/analysis.json
absolute,matched_eight_arm,pooled_A_B,by_arm_condition,hybrid_kg_memory_4096,,,token_distance_8192,,,exact_match,52.08,,,,48,12,,,results/persona_joint_kimi_ab_a100_build1/analysis/analysis.json
absolute,matched_eight_arm,pooled_A_B,by_arm_condition,hybrid_kg_memory_4096,,,token_distance_8192,,,f1,56.53,,,,48,12,,,results/persona_joint_kimi_ab_a100_build1/analysis/analysis.json
absolute,matched_eight_arm,pooled_A_B,by_arm_condition,sliding_context_16384,,,delayed_probe,,,exact_match,20.83,,,,48,12,,,results/persona_joint_kimi_ab_a100_build1/analysis/analysis.json
absolute,matched_eight_arm,pooled_A_B,by_arm_condition,sliding_context_16384,,,delayed_probe,,,f1,23.96,,,,48,12,,,results/persona_joint_kimi_ab_a100_build1/analysis/analysis.json
absolute,matched_eight_arm,pooled_A_B,by_arm_condition,sliding_context_16384,,,post_update,,,exact_match,60.42,,,,48,12,,,results/persona_joint_kimi_ab_a100_build1/analysis/analysis.json
absolute,matched_eight_arm,pooled_A_B,by_arm_condition,sliding_context_16384,,,post_update,,,f1,65.56,,,,48,12,,,results/persona_joint_kimi_ab_a100_build1/analysis/analysis.json
absolute,matched_eight_arm,pooled_A_B,by_arm_condition,sliding_context_16384,,,pre_update,,,exact_match,97.92,,,,48,12,,,results/persona_joint_kimi_ab_a100_build1/analysis/analysis.json
absolute,matched_eight_arm,pooled_A_B,by_arm_condition,sliding_context_16384,,,pre_update,,,f1,97.92,,,,48,12,,,results/persona_joint_kimi_ab_a100_build1/analysis/analysis.json
absolute,matched_eight_arm,pooled_A_B,by_arm_condition,sliding_context_16384,,,token_distance_4096,,,exact_match,41.67,,,,48,12,,,results/persona_joint_kimi_ab_a100_build1/analysis/analysis.json
absolute,matched_eight_arm,pooled_A_B,by_arm_condition,sliding_context_16384,,,token_distance_4096,,,f1,49.58,,,,48,12,,,results/persona_joint_kimi_ab_a100_build1/analysis/analysis.json
absolute,matched_eight_arm,pooled_A_B,by_arm_condition,sliding_context_16384,,,token_distance_8192,,,exact_match,43.75,,,,48,12,,,results/persona_joint_kimi_ab_a100_build1/analysis/analysis.json
absolute,matched_eight_arm,pooled_A_B,by_arm_condition,sliding_context_16384,,,token_distance_8192,,,f1,50.07,,,,48,12,,,results/persona_joint_kimi_ab_a100_build1/analysis/analysis.json
absolute,matched_eight_arm,pooled_A_B,by_arm_condition,sliding_context_4096,,,delayed_probe,,,exact_match,0.00,,,,48,12,,,results/persona_joint_kimi_ab_a100_build1/analysis/analysis.json
absolute,matched_eight_arm,pooled_A_B,by_arm_condition,sliding_context_4096,,,delayed_probe,,,f1,0.00,,,,48,12,,,results/persona_joint_kimi_ab_a100_build1/analysis/analysis.json
absolute,matched_eight_arm,pooled_A_B,by_arm_condition,sliding_context_4096,,,post_update,,,exact_match,64.58,,,,48,12,,,results/persona_joint_kimi_ab_a100_build1/analysis/analysis.json
absolute,matched_eight_arm,pooled_A_B,by_arm_condition,sliding_context_4096,,,post_update,,,f1,70.62,,,,48,12,,,results/persona_joint_kimi_ab_a100_build1/analysis/analysis.json
absolute,matched_eight_arm,pooled_A_B,by_arm_condition,sliding_context_4096,,,pre_update,,,exact_match,85.42,,,,48,12,,,results/persona_joint_kimi_ab_a100_build1/analysis/analysis.json
absolute,matched_eight_arm,pooled_A_B,by_arm_condition,sliding_context_4096,,,pre_update,,,f1,85.42,,,,48,12,,,results/persona_joint_kimi_ab_a100_build1/analysis/analysis.json
absolute,matched_eight_arm,pooled_A_B,by_arm_condition,sliding_context_4096,,,token_distance_4096,,,exact_match,2.08,,,,48,12,,,results/persona_joint_kimi_ab_a100_build1/analysis/analysis.json
absolute,matched_eight_arm,pooled_A_B,by_arm_condition,sliding_context_4096,,,token_distance_4096,,,f1,9.24,,,,48,12,,,results/persona_joint_kimi_ab_a100_build1/analysis/analysis.json
absolute,matched_eight_arm,pooled_A_B,by_arm_condition,sliding_context_4096,,,token_distance_8192,,,exact_match,0.00,,,,48,12,,,results/persona_joint_kimi_ab_a100_build1/analysis/analysis.json
absolute,matched_eight_arm,pooled_A_B,by_arm_condition,sliding_context_4096,,,token_distance_8192,,,f1,2.92,,,,48,12,,,results/persona_joint_kimi_ab_a100_build1/analysis/analysis.json
absolute,matched_eight_arm,pooled_A_B,by_arm_condition,structured_memory_16384,,,delayed_probe,,,exact_match,47.92,,,,48,12,,,results/persona_joint_kimi_ab_a100_build1/analysis/analysis.json
absolute,matched_eight_arm,pooled_A_B,by_arm_condition,structured_memory_16384,,,delayed_probe,,,f1,48.96,,,,48,12,,,results/persona_joint_kimi_ab_a100_build1/analysis/analysis.json
absolute,matched_eight_arm,pooled_A_B,by_arm_condition,structured_memory_16384,,,post_update,,,exact_match,60.42,,,,48,12,,,results/persona_joint_kimi_ab_a100_build1/analysis/analysis.json
absolute,matched_eight_arm,pooled_A_B,by_arm_condition,structured_memory_16384,,,post_update,,,f1,65.56,,,,48,12,,,results/persona_joint_kimi_ab_a100_build1/analysis/analysis.json
absolute,matched_eight_arm,pooled_A_B,by_arm_condition,structured_memory_16384,,,pre_update,,,exact_match,97.92,,,,48,12,,,results/persona_joint_kimi_ab_a100_build1/analysis/analysis.json
absolute,matched_eight_arm,pooled_A_B,by_arm_condition,structured_memory_16384,,,pre_update,,,f1,97.92,,,,48,12,,,results/persona_joint_kimi_ab_a100_build1/analysis/analysis.json
absolute,matched_eight_arm,pooled_A_B,by_arm_condition,structured_memory_16384,,,token_distance_4096,,,exact_match,52.08,,,,48,12,,,results/persona_joint_kimi_ab_a100_build1/analysis/analysis.json
absolute,matched_eight_arm,pooled_A_B,by_arm_condition,structured_memory_16384,,,token_distance_4096,,,f1,55.56,,,,48,12,,,results/persona_joint_kimi_ab_a100_build1/analysis/analysis.json
absolute,matched_eight_arm,pooled_A_B,by_arm_condition,structured_memory_16384,,,token_distance_8192,,,exact_match,52.08,,,,48,12,,,results/persona_joint_kimi_ab_a100_build1/analysis/analysis.json
absolute,matched_eight_arm,pooled_A_B,by_arm_condition,structured_memory_16384,,,token_distance_8192,,,f1,55.00,,,,48,12,,,results/persona_joint_kimi_ab_a100_build1/analysis/analysis.json
absolute,matched_eight_arm,pooled_A_B,by_arm_condition,structured_memory_4096,,,delayed_probe,,,exact_match,72.92,,,,48,12,,,results/persona_joint_kimi_ab_a100_build1/analysis/analysis.json
absolute,matched_eight_arm,pooled_A_B,by_arm_condition,structured_memory_4096,,,delayed_probe,,,f1,72.92,,,,48,12,,,results/persona_joint_kimi_ab_a100_build1/analysis/analysis.json
absolute,matched_eight_arm,pooled_A_B,by_arm_condition,structured_memory_4096,,,post_update,,,exact_match,64.58,,,,48,12,,,results/persona_joint_kimi_ab_a100_build1/analysis/analysis.json
absolute,matched_eight_arm,pooled_A_B,by_arm_condition,structured_memory_4096,,,post_update,,,f1,70.62,,,,48,12,,,results/persona_joint_kimi_ab_a100_build1/analysis/analysis.json
absolute,matched_eight_arm,pooled_A_B,by_arm_condition,structured_memory_4096,,,pre_update,,,exact_match,85.42,,,,48,12,,,results/persona_joint_kimi_ab_a100_build1/analysis/analysis.json
absolute,matched_eight_arm,pooled_A_B,by_arm_condition,structured_memory_4096,,,pre_update,,,f1,85.42,,,,48,12,,,results/persona_joint_kimi_ab_a100_build1/analysis/analysis.json
absolute,matched_eight_arm,pooled_A_B,by_arm_condition,structured_memory_4096,,,token_distance_4096,,,exact_match,35.42,,,,48,12,,,results/persona_joint_kimi_ab_a100_build1/analysis/analysis.json
absolute,matched_eight_arm,pooled_A_B,by_arm_condition,structured_memory_4096,,,token_distance_4096,,,f1,37.99,,,,48,12,,,results/persona_joint_kimi_ab_a100_build1/analysis/analysis.json
absolute,matched_eight_arm,pooled_A_B,by_arm_condition,structured_memory_4096,,,token_distance_8192,,,exact_match,45.83,,,,48,12,,,results/persona_joint_kimi_ab_a100_build1/analysis/analysis.json
absolute,matched_eight_arm,pooled_A_B,by_arm_condition,structured_memory_4096,,,token_distance_8192,,,f1,46.88,,,,48,12,,,results/persona_joint_kimi_ab_a100_build1/analysis/analysis.json
absolute,matched_eight_arm,pooled_A_B,by_arm_condition_query_family,graphiti_memory_16384,,,delayed_probe,preference_change,,exact_match,0.00,,,,24,12,,,results/persona_joint_kimi_ab_a100_build1/analysis/analysis.json
absolute,matched_eight_arm,pooled_A_B,by_arm_condition_query_family,graphiti_memory_16384,,,delayed_probe,preference_change,,f1,0.00,,,,24,12,,,results/persona_joint_kimi_ab_a100_build1/analysis/analysis.json
absolute,matched_eight_arm,pooled_A_B,by_arm_condition_query_family,graphiti_memory_16384,,,delayed_probe,preference_incongruity,,exact_match,50.00,,,,24,12,,,results/persona_joint_kimi_ab_a100_build1/analysis/analysis.json
absolute,matched_eight_arm,pooled_A_B,by_arm_condition_query_family,graphiti_memory_16384,,,delayed_probe,preference_incongruity,,f1,64.44,,,,24,12,,,results/persona_joint_kimi_ab_a100_build1/analysis/analysis.json
absolute,matched_eight_arm,pooled_A_B,by_arm_condition_query_family,graphiti_memory_16384,,,post_update,preference_change,,exact_match,50.00,,,,24,12,,,results/persona_joint_kimi_ab_a100_build1/analysis/analysis.json
absolute,matched_eight_arm,pooled_A_B,by_arm_condition_query_family,graphiti_memory_16384,,,post_update,preference_change,,f1,52.08,,,,24,12,,,results/persona_joint_kimi_ab_a100_build1/analysis/analysis.json
absolute,matched_eight_arm,pooled_A_B,by_arm_condition_query_family,graphiti_memory_16384,,,post_update,preference_incongruity,,exact_match,70.83,,,,24,12,,,results/persona_joint_kimi_ab_a100_build1/analysis/analysis.json
absolute,matched_eight_arm,pooled_A_B,by_arm_condition_query_family,graphiti_memory_16384,,,post_update,preference_incongruity,,f1,83.19,,,,24,12,,,results/persona_joint_kimi_ab_a100_build1/analysis/analysis.json
absolute,matched_eight_arm,pooled_A_B,by_arm_condition_query_family,graphiti_memory_16384,,,pre_update,preference_change,,exact_match,83.33,,,,24,12,,,results/persona_joint_kimi_ab_a100_build1/analysis/analysis.json
absolute,matched_eight_arm,pooled_A_B,by_arm_condition_query_family,graphiti_memory_16384,,,pre_update,preference_change,,f1,83.33,,,,24,12,,,results/persona_joint_kimi_ab_a100_build1/analysis/analysis.json
absolute,matched_eight_arm,pooled_A_B,by_arm_condition_query_family,graphiti_memory_16384,,,pre_update,preference_incongruity,,exact_match,100.00,,,,24,12,,,results/persona_joint_kimi_ab_a100_build1/analysis/analysis.json
absolute,matched_eight_arm,pooled_A_B,by_arm_condition_query_family,graphiti_memory_16384,,,pre_update,preference_incongruity,,f1,100.00,,,,24,12,,,results/persona_joint_kimi_ab_a100_build1/analysis/analysis.json
absolute,matched_eight_arm,pooled_A_B,by_arm_condition_query_family,graphiti_memory_16384,,,token_distance_4096,preference_change,,exact_match,16.67,,,,24,12,,,results/persona_joint_kimi_ab_a100_build1/analysis/analysis.json
absolute,matched_eight_arm,pooled_A_B,by_arm_condition_query_family,graphiti_memory_16384,,,token_distance_4096,preference_change,,f1,18.06,,,,24,12,,,results/persona_joint_kimi_ab_a100_build1/analysis/analysis.json
absolute,matched_eight_arm,pooled_A_B,by_arm_condition_query_family,graphiti_memory_16384,,,token_distance_4096,preference_incongruity,,exact_match,83.33,,,,24,12,,,results/persona_joint_kimi_ab_a100_build1/analysis/analysis.json
absolute,matched_eight_arm,pooled_A_B,by_arm_condition_query_family,graphiti_memory_16384,,,token_distance_4096,preference_incongruity,,f1,89.86,,,,24,12,,,results/persona_joint_kimi_ab_a100_build1/analysis/analysis.json
absolute,matched_eight_arm,pooled_A_B,by_arm_condition_query_family,graphiti_memory_16384,,,token_distance_8192,preference_change,,exact_match,12.50,,,,24,12,,,results/persona_joint_kimi_ab_a100_build1/analysis/analysis.json
absolute,matched_eight_arm,pooled_A_B,by_arm_condition_query_family,graphiti_memory_16384,,,token_distance_8192,preference_change,,f1,15.56,,,,24,12,,,results/persona_joint_kimi_ab_a100_build1/analysis/analysis.json
absolute,matched_eight_arm,pooled_A_B,by_arm_condition_query_family,graphiti_memory_16384,,,token_distance_8192,preference_incongruity,,exact_match,87.50,,,,24,12,,,results/persona_joint_kimi_ab_a100_build1/analysis/analysis.json
absolute,matched_eight_arm,pooled_A_B,by_arm_condition_query_family,graphiti_memory_16384,,,token_distance_8192,preference_incongruity,,f1,91.25,,,,24,12,,,results/persona_joint_kimi_ab_a100_build1/analysis/analysis.json
absolute,matched_eight_arm,pooled_A_B,by_arm_condition_query_family,graphiti_memory_4096,,,delayed_probe,preference_change,,exact_match,12.50,,,,24,12,,,results/persona_joint_kimi_ab_a100_build1/analysis/analysis.json
absolute,matched_eight_arm,pooled_A_B,by_arm_condition_query_family,graphiti_memory_4096,,,delayed_probe,preference_change,,f1,12.50,,,,24,12,,,results/persona_joint_kimi_ab_a100_build1/analysis/analysis.json
absolute,matched_eight_arm,pooled_A_B,by_arm_condition_query_family,graphiti_memory_4096,,,delayed_probe,preference_incongruity,,exact_match,33.33,,,,24,12,,,results/persona_joint_kimi_ab_a100_build1/analysis/analysis.json
absolute,matched_eight_arm,pooled_A_B,by_arm_condition_query_family,graphiti_memory_4096,,,delayed_probe,preference_incongruity,,f1,50.58,,,,24,12,,,results/persona_joint_kimi_ab_a100_build1/analysis/analysis.json
absolute,matched_eight_arm,pooled_A_B,by_arm_condition_query_family,graphiti_memory_4096,,,post_update,preference_change,,exact_match,54.17,,,,24,12,,,results/persona_joint_kimi_ab_a100_build1/analysis/analysis.json
absolute,matched_eight_arm,pooled_A_B,by_arm_condition_query_family,graphiti_memory_4096,,,post_update,preference_change,,f1,57.92,,,,24,12,,,results/persona_joint_kimi_ab_a100_build1/analysis/analysis.json
absolute,matched_eight_arm,pooled_A_B,by_arm_condition_query_family,graphiti_memory_4096,,,post_update,preference_incongruity,,exact_match,70.83,,,,24,12,,,results/persona_joint_kimi_ab_a100_build1/analysis/analysis.json
absolute,matched_eight_arm,pooled_A_B,by_arm_condition_query_family,graphiti_memory_4096,,,post_update,preference_incongruity,,f1,81.25,,,,24,12,,,results/persona_joint_kimi_ab_a100_build1/analysis/analysis.json
absolute,matched_eight_arm,pooled_A_B,by_arm_condition_query_family,graphiti_memory_4096,,,pre_update,preference_change,,exact_match,83.33,,,,24,12,,,results/persona_joint_kimi_ab_a100_build1/analysis/analysis.json
absolute,matched_eight_arm,pooled_A_B,by_arm_condition_query_family,graphiti_memory_4096,,,pre_update,preference_change,,f1,83.33,,,,24,12,,,results/persona_joint_kimi_ab_a100_build1/analysis/analysis.json
absolute,matched_eight_arm,pooled_A_B,by_arm_condition_query_family,graphiti_memory_4096,,,pre_update,preference_incongruity,,exact_match,91.67,,,,24,12,,,results/persona_joint_kimi_ab_a100_build1/analysis/analysis.json
absolute,matched_eight_arm,pooled_A_B,by_arm_condition_query_family,graphiti_memory_4096,,,pre_update,preference_incongruity,,f1,93.33,,,,24,12,,,results/persona_joint_kimi_ab_a100_build1/analysis/analysis.json
absolute,matched_eight_arm,pooled_A_B,by_arm_condition_query_family,graphiti_memory_4096,,,token_distance_4096,preference_change,,exact_match,8.33,,,,24,12,,,results/persona_joint_kimi_ab_a100_build1/analysis/analysis.json
absolute,matched_eight_arm,pooled_A_B,by_arm_condition_query_family,graphiti_memory_4096,,,token_distance_4096,preference_change,,f1,11.81,,,,24,12,,,results/persona_joint_kimi_ab_a100_build1/analysis/analysis.json
absolute,matched_eight_arm,pooled_A_B,by_arm_condition_query_family,graphiti_memory_4096,,,token_distance_4096,preference_incongruity,,exact_match,16.67,,,,24,12,,,results/persona_joint_kimi_ab_a100_build1/analysis/analysis.json
absolute,matched_eight_arm,pooled_A_B,by_arm_condition_query_family,graphiti_memory_4096,,,token_distance_4096,preference_incongruity,,f1,38.33,,,,24,12,,,results/persona_joint_kimi_ab_a100_build1/analysis/analysis.json
absolute,matched_eight_arm,pooled_A_B,by_arm_condition_query_family,graphiti_memory_4096,,,token_distance_8192,preference_change,,exact_match,0.00,,,,24,12,,,results/persona_joint_kimi_ab_a100_build1/analysis/analysis.json
absolute,matched_eight_arm,pooled_A_B,by_arm_condition_query_family,graphiti_memory_4096,,,token_distance_8192,preference_change,,f1,0.00,,,,24,12,,,results/persona_joint_kimi_ab_a100_build1/analysis/analysis.json
absolute,matched_eight_arm,pooled_A_B,by_arm_condition_query_family,graphiti_memory_4096,,,token_distance_8192,preference_incongruity,,exact_match,33.33,,,,24,12,,,results/persona_joint_kimi_ab_a100_build1/analysis/analysis.json
absolute,matched_eight_arm,pooled_A_B,by_arm_condition_query_family,graphiti_memory_4096,,,token_distance_8192,preference_incongruity,,f1,48.08,,,,24,12,,,results/persona_joint_kimi_ab_a100_build1/analysis/analysis.json
absolute,matched_eight_arm,pooled_A_B,by_arm_condition_query_family,hybrid_kg_memory_16384,,,delayed_probe,preference_change,,exact_match,0.00,,,,24,12,,,results/persona_joint_kimi_ab_a100_build1/analysis/analysis.json
absolute,matched_eight_arm,pooled_A_B,by_arm_condition_query_family,hybrid_kg_memory_16384,,,delayed_probe,preference_change,,f1,0.00,,,,24,12,,,results/persona_joint_kimi_ab_a100_build1/analysis/analysis.json
absolute,matched_eight_arm,pooled_A_B,by_arm_condition_query_family,hybrid_kg_memory_16384,,,delayed_probe,preference_incongruity,,exact_match,87.50,,,,24,12,,,results/persona_joint_kimi_ab_a100_build1/analysis/analysis.json
absolute,matched_eight_arm,pooled_A_B,by_arm_condition_query_family,hybrid_kg_memory_16384,,,delayed_probe,preference_incongruity,,f1,93.33,,,,24,12,,,results/persona_joint_kimi_ab_a100_build1/analysis/analysis.json
absolute,matched_eight_arm,pooled_A_B,by_arm_condition_query_family,hybrid_kg_memory_16384,,,post_update,preference_change,,exact_match,100.00,,,,24,12,,,results/persona_joint_kimi_ab_a100_build1/analysis/analysis.json
absolute,matched_eight_arm,pooled_A_B,by_arm_condition_query_family,hybrid_kg_memory_16384,,,post_update,preference_change,,f1,100.00,,,,24,12,,,results/persona_joint_kimi_ab_a100_build1/analysis/analysis.json
absolute,matched_eight_arm,pooled_A_B,by_arm_condition_query_family,hybrid_kg_memory_16384,,,post_update,preference_incongruity,,exact_match,100.00,,,,24,12,,,results/persona_joint_kimi_ab_a100_build1/analysis/analysis.json
absolute,matched_eight_arm,pooled_A_B,by_arm_condition_query_family,hybrid_kg_memory_16384,,,post_update,preference_incongruity,,f1,100.00,,,,24,12,,,results/persona_joint_kimi_ab_a100_build1/analysis/analysis.json
absolute,matched_eight_arm,pooled_A_B,by_arm_condition_query_family,hybrid_kg_memory_16384,,,pre_update,preference_change,,exact_match,45.83,,,,24,12,,,results/persona_joint_kimi_ab_a100_build1/analysis/analysis.json
absolute,matched_eight_arm,pooled_A_B,by_arm_condition_query_family,hybrid_kg_memory_16384,,,pre_update,preference_change,,f1,45.83,,,,24,12,,,results/persona_joint_kimi_ab_a100_build1/analysis/analysis.json
absolute,matched_eight_arm,pooled_A_B,by_arm_condition_query_family,hybrid_kg_memory_16384,,,pre_update,preference_incongruity,,exact_match,95.83,,,,24,12,,,results/persona_joint_kimi_ab_a100_build1/analysis/analysis.json
absolute,matched_eight_arm,pooled_A_B,by_arm_condition_query_family,hybrid_kg_memory_16384,,,pre_update,preference_incongruity,,f1,95.83,,,,24,12,,,results/persona_joint_kimi_ab_a100_build1/analysis/analysis.json
absolute,matched_eight_arm,pooled_A_B,by_arm_condition_query_family,hybrid_kg_memory_16384,,,token_distance_4096,preference_change,,exact_match,41.67,,,,24,12,,,results/persona_joint_kimi_ab_a100_build1/analysis/analysis.json
absolute,matched_eight_arm,pooled_A_B,by_arm_condition_query_family,hybrid_kg_memory_16384,,,token_distance_4096,preference_change,,f1,42.86,,,,24,12,,,results/persona_joint_kimi_ab_a100_build1/analysis/analysis.json
absolute,matched_eight_arm,pooled_A_B,by_arm_condition_query_family,hybrid_kg_memory_16384,,,token_distance_4096,preference_incongruity,,exact_match,100.00,,,,24,12,,,results/persona_joint_kimi_ab_a100_build1/analysis/analysis.json
absolute,matched_eight_arm,pooled_A_B,by_arm_condition_query_family,hybrid_kg_memory_16384,,,token_distance_4096,preference_incongruity,,f1,100.00,,,,24,12,,,results/persona_joint_kimi_ab_a100_build1/analysis/analysis.json
absolute,matched_eight_arm,pooled_A_B,by_arm_condition_query_family,hybrid_kg_memory_16384,,,token_distance_8192,preference_change,,exact_match,20.83,,,,24,12,,,results/persona_joint_kimi_ab_a100_build1/analysis/analysis.json
absolute,matched_eight_arm,pooled_A_B,by_arm_condition_query_family,hybrid_kg_memory_16384,,,token_distance_8192,preference_change,,f1,24.58,,,,24,12,,,results/persona_joint_kimi_ab_a100_build1/analysis/analysis.json
absolute,matched_eight_arm,pooled_A_B,by_arm_condition_query_family,hybrid_kg_memory_16384,,,token_distance_8192,preference_incongruity,,exact_match,100.00,,,,24,12,,,results/persona_joint_kimi_ab_a100_build1/analysis/analysis.json
absolute,matched_eight_arm,pooled_A_B,by_arm_condition_query_family,hybrid_kg_memory_16384,,,token_distance_8192,preference_incongruity,,f1,100.00,,,,24,12,,,results/persona_joint_kimi_ab_a100_build1/analysis/analysis.json
absolute,matched_eight_arm,pooled_A_B,by_arm_condition_query_family,hybrid_kg_memory_4096,,,delayed_probe,preference_change,,exact_match,20.83,,,,24,12,,,results/persona_joint_kimi_ab_a100_build1/analysis/analysis.json
absolute,matched_eight_arm,pooled_A_B,by_arm_condition_query_family,hybrid_kg_memory_4096,,,delayed_probe,preference_change,,f1,22.50,,,,24,12,,,results/persona_joint_kimi_ab_a100_build1/analysis/analysis.json
absolute,matched_eight_arm,pooled_A_B,by_arm_condition_query_family,hybrid_kg_memory_4096,,,delayed_probe,preference_incongruity,,exact_match,95.83,,,,24,12,,,results/persona_joint_kimi_ab_a100_build1/analysis/analysis.json
absolute,matched_eight_arm,pooled_A_B,by_arm_condition_query_family,hybrid_kg_memory_4096,,,delayed_probe,preference_incongruity,,f1,97.92,,,,24,12,,,results/persona_joint_kimi_ab_a100_build1/analysis/analysis.json
absolute,matched_eight_arm,pooled_A_B,by_arm_condition_query_family,hybrid_kg_memory_4096,,,post_update,preference_change,,exact_match,100.00,,,,24,12,,,results/persona_joint_kimi_ab_a100_build1/analysis/analysis.json
absolute,matched_eight_arm,pooled_A_B,by_arm_condition_query_family,hybrid_kg_memory_4096,,,post_update,preference_change,,f1,100.00,,,,24,12,,,results/persona_joint_kimi_ab_a100_build1/analysis/analysis.json
absolute,matched_eight_arm,pooled_A_B,by_arm_condition_query_family,hybrid_kg_memory_4096,,,post_update,preference_incongruity,,exact_match,100.00,,,,24,12,,,results/persona_joint_kimi_ab_a100_build1/analysis/analysis.json
absolute,matched_eight_arm,pooled_A_B,by_arm_condition_query_family,hybrid_kg_memory_4096,,,post_update,preference_incongruity,,f1,100.00,,,,24,12,,,results/persona_joint_kimi_ab_a100_build1/analysis/analysis.json
absolute,matched_eight_arm,pooled_A_B,by_arm_condition_query_family,hybrid_kg_memory_4096,,,pre_update,preference_change,,exact_match,41.67,,,,24,12,,,results/persona_joint_kimi_ab_a100_build1/analysis/analysis.json
absolute,matched_eight_arm,pooled_A_B,by_arm_condition_query_family,hybrid_kg_memory_4096,,,pre_update,preference_change,,f1,41.67,,,,24,12,,,results/persona_joint_kimi_ab_a100_build1/analysis/analysis.json
absolute,matched_eight_arm,pooled_A_B,by_arm_condition_query_family,hybrid_kg_memory_4096,,,pre_update,preference_incongruity,,exact_match,95.83,,,,24,12,,,results/persona_joint_kimi_ab_a100_build1/analysis/analysis.json
absolute,matched_eight_arm,pooled_A_B,by_arm_condition_query_family,hybrid_kg_memory_4096,,,pre_update,preference_incongruity,,f1,95.83,,,,24,12,,,results/persona_joint_kimi_ab_a100_build1/analysis/analysis.json
absolute,matched_eight_arm,pooled_A_B,by_arm_condition_query_family,hybrid_kg_memory_4096,,,token_distance_4096,preference_change,,exact_match,20.83,,,,24,12,,,results/persona_joint_kimi_ab_a100_build1/analysis/analysis.json
absolute,matched_eight_arm,pooled_A_B,by_arm_condition_query_family,hybrid_kg_memory_4096,,,token_distance_4096,preference_change,,f1,33.47,,,,24,12,,,results/persona_joint_kimi_ab_a100_build1/analysis/analysis.json
absolute,matched_eight_arm,pooled_A_B,by_arm_condition_query_family,hybrid_kg_memory_4096,,,token_distance_4096,preference_incongruity,,exact_match,95.83,,,,24,12,,,results/persona_joint_kimi_ab_a100_build1/analysis/analysis.json
absolute,matched_eight_arm,pooled_A_B,by_arm_condition_query_family,hybrid_kg_memory_4096,,,token_distance_4096,preference_incongruity,,f1,95.83,,,,24,12,,,results/persona_joint_kimi_ab_a100_build1/analysis/analysis.json
absolute,matched_eight_arm,pooled_A_B,by_arm_condition_query_family,hybrid_kg_memory_4096,,,token_distance_8192,preference_change,,exact_match,12.50,,,,24,12,,,results/persona_joint_kimi_ab_a100_build1/analysis/analysis.json
absolute,matched_eight_arm,pooled_A_B,by_arm_condition_query_family,hybrid_kg_memory_4096,,,token_distance_8192,preference_change,,f1,17.92,,,,24,12,,,results/persona_joint_kimi_ab_a100_build1/analysis/analysis.json
absolute,matched_eight_arm,pooled_A_B,by_arm_condition_query_family,hybrid_kg_memory_4096,,,token_distance_8192,preference_incongruity,,exact_match,91.67,,,,24,12,,,results/persona_joint_kimi_ab_a100_build1/analysis/analysis.json
absolute,matched_eight_arm,pooled_A_B,by_arm_condition_query_family,hybrid_kg_memory_4096,,,token_distance_8192,preference_incongruity,,f1,95.14,,,,24,12,,,results/persona_joint_kimi_ab_a100_build1/analysis/analysis.json
absolute,matched_eight_arm,pooled_A_B,by_arm_condition_query_family,sliding_context_16384,,,delayed_probe,preference_change,,exact_match,0.00,,,,24,12,,,results/persona_joint_kimi_ab_a100_build1/analysis/analysis.json
absolute,matched_eight_arm,pooled_A_B,by_arm_condition_query_family,sliding_context_16384,,,delayed_probe,preference_change,,f1,0.00,,,,24,12,,,results/persona_joint_kimi_ab_a100_build1/analysis/analysis.json
absolute,matched_eight_arm,pooled_A_B,by_arm_condition_query_family,sliding_context_16384,,,delayed_probe,preference_incongruity,,exact_match,41.67,,,,24,12,,,results/persona_joint_kimi_ab_a100_build1/analysis/analysis.json
absolute,matched_eight_arm,pooled_A_B,by_arm_condition_query_family,sliding_context_16384,,,delayed_probe,preference_incongruity,,f1,47.92,,,,24,12,,,results/persona_joint_kimi_ab_a100_build1/analysis/analysis.json
absolute,matched_eight_arm,pooled_A_B,by_arm_condition_query_family,sliding_context_16384,,,post_update,preference_change,,exact_match,45.83,,,,24,12,,,results/persona_joint_kimi_ab_a100_build1/analysis/analysis.json
absolute,matched_eight_arm,pooled_A_B,by_arm_condition_query_family,sliding_context_16384,,,post_update,preference_change,,f1,45.83,,,,24,12,,,results/persona_joint_kimi_ab_a100_build1/analysis/analysis.json
absolute,matched_eight_arm,pooled_A_B,by_arm_condition_query_family,sliding_context_16384,,,post_update,preference_incongruity,,exact_match,75.00,,,,24,12,,,results/persona_joint_kimi_ab_a100_build1/analysis/analysis.json
absolute,matched_eight_arm,pooled_A_B,by_arm_condition_query_family,sliding_context_16384,,,post_update,preference_incongruity,,f1,85.28,,,,24,12,,,results/persona_joint_kimi_ab_a100_build1/analysis/analysis.json
absolute,matched_eight_arm,pooled_A_B,by_arm_condition_query_family,sliding_context_16384,,,pre_update,preference_change,,exact_match,95.83,,,,24,12,,,results/persona_joint_kimi_ab_a100_build1/analysis/analysis.json
absolute,matched_eight_arm,pooled_A_B,by_arm_condition_query_family,sliding_context_16384,,,pre_update,preference_change,,f1,95.83,,,,24,12,,,results/persona_joint_kimi_ab_a100_build1/analysis/analysis.json
absolute,matched_eight_arm,pooled_A_B,by_arm_condition_query_family,sliding_context_16384,,,pre_update,preference_incongruity,,exact_match,100.00,,,,24,12,,,results/persona_joint_kimi_ab_a100_build1/analysis/analysis.json
absolute,matched_eight_arm,pooled_A_B,by_arm_condition_query_family,sliding_context_16384,,,pre_update,preference_incongruity,,f1,100.00,,,,24,12,,,results/persona_joint_kimi_ab_a100_build1/analysis/analysis.json
absolute,matched_eight_arm,pooled_A_B,by_arm_condition_query_family,sliding_context_16384,,,token_distance_4096,preference_change,,exact_match,16.67,,,,24,12,,,results/persona_joint_kimi_ab_a100_build1/analysis/analysis.json
absolute,matched_eight_arm,pooled_A_B,by_arm_condition_query_family,sliding_context_16384,,,token_distance_4096,preference_change,,f1,18.06,,,,24,12,,,results/persona_joint_kimi_ab_a100_build1/analysis/analysis.json
absolute,matched_eight_arm,pooled_A_B,by_arm_condition_query_family,sliding_context_16384,,,token_distance_4096,preference_incongruity,,exact_match,66.67,,,,24,12,,,results/persona_joint_kimi_ab_a100_build1/analysis/analysis.json
absolute,matched_eight_arm,pooled_A_B,by_arm_condition_query_family,sliding_context_16384,,,token_distance_4096,preference_incongruity,,f1,81.11,,,,24,12,,,results/persona_joint_kimi_ab_a100_build1/analysis/analysis.json
absolute,matched_eight_arm,pooled_A_B,by_arm_condition_query_family,sliding_context_16384,,,token_distance_8192,preference_change,,exact_match,12.50,,,,24,12,,,results/persona_joint_kimi_ab_a100_build1/analysis/analysis.json
absolute,matched_eight_arm,pooled_A_B,by_arm_condition_query_family,sliding_context_16384,,,token_distance_8192,preference_change,,f1,14.17,,,,24,12,,,results/persona_joint_kimi_ab_a100_build1/analysis/analysis.json
absolute,matched_eight_arm,pooled_A_B,by_arm_condition_query_family,sliding_context_16384,,,token_distance_8192,preference_incongruity,,exact_match,75.00,,,,24,12,,,results/persona_joint_kimi_ab_a100_build1/analysis/analysis.json
absolute,matched_eight_arm,pooled_A_B,by_arm_condition_query_family,sliding_context_16384,,,token_distance_8192,preference_incongruity,,f1,85.97,,,,24,12,,,results/persona_joint_kimi_ab_a100_build1/analysis/analysis.json
absolute,matched_eight_arm,pooled_A_B,by_arm_condition_query_family,sliding_context_4096,,,delayed_probe,preference_change,,exact_match,0.00,,,,24,12,,,results/persona_joint_kimi_ab_a100_build1/analysis/analysis.json
absolute,matched_eight_arm,pooled_A_B,by_arm_condition_query_family,sliding_context_4096,,,delayed_probe,preference_change,,f1,0.00,,,,24,12,,,results/persona_joint_kimi_ab_a100_build1/analysis/analysis.json
absolute,matched_eight_arm,pooled_A_B,by_arm_condition_query_family,sliding_context_4096,,,delayed_probe,preference_incongruity,,exact_match,0.00,,,,24,12,,,results/persona_joint_kimi_ab_a100_build1/analysis/analysis.json
absolute,matched_eight_arm,pooled_A_B,by_arm_condition_query_family,sliding_context_4096,,,delayed_probe,preference_incongruity,,f1,0.00,,,,24,12,,,results/persona_joint_kimi_ab_a100_build1/analysis/analysis.json
absolute,matched_eight_arm,pooled_A_B,by_arm_condition_query_family,sliding_context_4096,,,post_update,preference_change,,exact_match,58.33,,,,24,12,,,results/persona_joint_kimi_ab_a100_build1/analysis/analysis.json
absolute,matched_eight_arm,pooled_A_B,by_arm_condition_query_family,sliding_context_4096,,,post_update,preference_change,,f1,60.00,,,,24,12,,,results/persona_joint_kimi_ab_a100_build1/analysis/analysis.json
absolute,matched_eight_arm,pooled_A_B,by_arm_condition_query_family,sliding_context_4096,,,post_update,preference_incongruity,,exact_match,70.83,,,,24,12,,,results/persona_joint_kimi_ab_a100_build1/analysis/analysis.json
absolute,matched_eight_arm,pooled_A_B,by_arm_condition_query_family,sliding_context_4096,,,post_update,preference_incongruity,,f1,81.25,,,,24,12,,,results/persona_joint_kimi_ab_a100_build1/analysis/analysis.json
absolute,matched_eight_arm,pooled_A_B,by_arm_condition_query_family,sliding_context_4096,,,pre_update,preference_change,,exact_match,83.33,,,,24,12,,,results/persona_joint_kimi_ab_a100_build1/analysis/analysis.json
absolute,matched_eight_arm,pooled_A_B,by_arm_condition_query_family,sliding_context_4096,,,pre_update,preference_change,,f1,83.33,,,,24,12,,,results/persona_joint_kimi_ab_a100_build1/analysis/analysis.json
absolute,matched_eight_arm,pooled_A_B,by_arm_condition_query_family,sliding_context_4096,,,pre_update,preference_incongruity,,exact_match,87.50,,,,24,12,,,results/persona_joint_kimi_ab_a100_build1/analysis/analysis.json
absolute,matched_eight_arm,pooled_A_B,by_arm_condition_query_family,sliding_context_4096,,,pre_update,preference_incongruity,,f1,87.50,,,,24,12,,,results/persona_joint_kimi_ab_a100_build1/analysis/analysis.json
absolute,matched_eight_arm,pooled_A_B,by_arm_condition_query_family,sliding_context_4096,,,token_distance_4096,preference_change,,exact_match,4.17,,,,24,12,,,results/persona_joint_kimi_ab_a100_build1/analysis/analysis.json
absolute,matched_eight_arm,pooled_A_B,by_arm_condition_query_family,sliding_context_4096,,,token_distance_4096,preference_change,,f1,9.31,,,,24,12,,,results/persona_joint_kimi_ab_a100_build1/analysis/analysis.json
absolute,matched_eight_arm,pooled_A_B,by_arm_condition_query_family,sliding_context_4096,,,token_distance_4096,preference_incongruity,,exact_match,0.00,,,,24,12,,,results/persona_joint_kimi_ab_a100_build1/analysis/analysis.json
absolute,matched_eight_arm,pooled_A_B,by_arm_condition_query_family,sliding_context_4096,,,token_distance_4096,preference_incongruity,,f1,9.17,,,,24,12,,,results/persona_joint_kimi_ab_a100_build1/analysis/analysis.json
absolute,matched_eight_arm,pooled_A_B,by_arm_condition_query_family,sliding_context_4096,,,token_distance_8192,preference_change,,exact_match,0.00,,,,24,12,,,results/persona_joint_kimi_ab_a100_build1/analysis/analysis.json
absolute,matched_eight_arm,pooled_A_B,by_arm_condition_query_family,sliding_context_4096,,,token_distance_8192,preference_change,,f1,2.08,,,,24,12,,,results/persona_joint_kimi_ab_a100_build1/analysis/analysis.json
absolute,matched_eight_arm,pooled_A_B,by_arm_condition_query_family,sliding_context_4096,,,token_distance_8192,preference_incongruity,,exact_match,0.00,,,,24,12,,,results/persona_joint_kimi_ab_a100_build1/analysis/analysis.json
absolute,matched_eight_arm,pooled_A_B,by_arm_condition_query_family,sliding_context_4096,,,token_distance_8192,preference_incongruity,,f1,3.75,,,,24,12,,,results/persona_joint_kimi_ab_a100_build1/analysis/analysis.json
absolute,matched_eight_arm,pooled_A_B,by_arm_condition_query_family,structured_memory_16384,,,delayed_probe,preference_change,,exact_match,0.00,,,,24,12,,,results/persona_joint_kimi_ab_a100_build1/analysis/analysis.json
absolute,matched_eight_arm,pooled_A_B,by_arm_condition_query_family,structured_memory_16384,,,delayed_probe,preference_change,,f1,0.00,,,,24,12,,,results/persona_joint_kimi_ab_a100_build1/analysis/analysis.json
absolute,matched_eight_arm,pooled_A_B,by_arm_condition_query_family,structured_memory_16384,,,delayed_probe,preference_incongruity,,exact_match,95.83,,,,24,12,,,results/persona_joint_kimi_ab_a100_build1/analysis/analysis.json
absolute,matched_eight_arm,pooled_A_B,by_arm_condition_query_family,structured_memory_16384,,,delayed_probe,preference_incongruity,,f1,97.92,,,,24,12,,,results/persona_joint_kimi_ab_a100_build1/analysis/analysis.json
absolute,matched_eight_arm,pooled_A_B,by_arm_condition_query_family,structured_memory_16384,,,post_update,preference_change,,exact_match,45.83,,,,24,12,,,results/persona_joint_kimi_ab_a100_build1/analysis/analysis.json
absolute,matched_eight_arm,pooled_A_B,by_arm_condition_query_family,structured_memory_16384,,,post_update,preference_change,,f1,45.83,,,,24,12,,,results/persona_joint_kimi_ab_a100_build1/analysis/analysis.json
absolute,matched_eight_arm,pooled_A_B,by_arm_condition_query_family,structured_memory_16384,,,post_update,preference_incongruity,,exact_match,75.00,,,,24,12,,,results/persona_joint_kimi_ab_a100_build1/analysis/analysis.json
absolute,matched_eight_arm,pooled_A_B,by_arm_condition_query_family,structured_memory_16384,,,post_update,preference_incongruity,,f1,85.28,,,,24,12,,,results/persona_joint_kimi_ab_a100_build1/analysis/analysis.json
absolute,matched_eight_arm,pooled_A_B,by_arm_condition_query_family,structured_memory_16384,,,pre_update,preference_change,,exact_match,95.83,,,,24,12,,,results/persona_joint_kimi_ab_a100_build1/analysis/analysis.json
absolute,matched_eight_arm,pooled_A_B,by_arm_condition_query_family,structured_memory_16384,,,pre_update,preference_change,,f1,95.83,,,,24,12,,,results/persona_joint_kimi_ab_a100_build1/analysis/analysis.json
absolute,matched_eight_arm,pooled_A_B,by_arm_condition_query_family,structured_memory_16384,,,pre_update,preference_incongruity,,exact_match,100.00,,,,24,12,,,results/persona_joint_kimi_ab_a100_build1/analysis/analysis.json
absolute,matched_eight_arm,pooled_A_B,by_arm_condition_query_family,structured_memory_16384,,,pre_update,preference_incongruity,,f1,100.00,,,,24,12,,,results/persona_joint_kimi_ab_a100_build1/analysis/analysis.json
absolute,matched_eight_arm,pooled_A_B,by_arm_condition_query_family,structured_memory_16384,,,token_distance_4096,preference_change,,exact_match,16.67,,,,24,12,,,results/persona_joint_kimi_ab_a100_build1/analysis/analysis.json
absolute,matched_eight_arm,pooled_A_B,by_arm_condition_query_family,structured_memory_16384,,,token_distance_4096,preference_change,,f1,18.06,,,,24,12,,,results/persona_joint_kimi_ab_a100_build1/analysis/analysis.json
absolute,matched_eight_arm,pooled_A_B,by_arm_condition_query_family,structured_memory_16384,,,token_distance_4096,preference_incongruity,,exact_match,87.50,,,,24,12,,,results/persona_joint_kimi_ab_a100_build1/analysis/analysis.json
absolute,matched_eight_arm,pooled_A_B,by_arm_condition_query_family,structured_memory_16384,,,token_distance_4096,preference_incongruity,,f1,93.06,,,,24,12,,,results/persona_joint_kimi_ab_a100_build1/analysis/analysis.json
absolute,matched_eight_arm,pooled_A_B,by_arm_condition_query_family,structured_memory_16384,,,token_distance_8192,preference_change,,exact_match,12.50,,,,24,12,,,results/persona_joint_kimi_ab_a100_build1/analysis/analysis.json
absolute,matched_eight_arm,pooled_A_B,by_arm_condition_query_family,structured_memory_16384,,,token_distance_8192,preference_change,,f1,14.17,,,,24,12,,,results/persona_joint_kimi_ab_a100_build1/analysis/analysis.json
absolute,matched_eight_arm,pooled_A_B,by_arm_condition_query_family,structured_memory_16384,,,token_distance_8192,preference_incongruity,,exact_match,91.67,,,,24,12,,,results/persona_joint_kimi_ab_a100_build1/analysis/analysis.json
absolute,matched_eight_arm,pooled_A_B,by_arm_condition_query_family,structured_memory_16384,,,token_distance_8192,preference_incongruity,,f1,95.83,,,,24,12,,,results/persona_joint_kimi_ab_a100_build1/analysis/analysis.json
absolute,matched_eight_arm,pooled_A_B,by_arm_condition_query_family,structured_memory_4096,,,delayed_probe,preference_change,,exact_match,45.83,,,,24,12,,,results/persona_joint_kimi_ab_a100_build1/analysis/analysis.json
absolute,matched_eight_arm,pooled_A_B,by_arm_condition_query_family,structured_memory_4096,,,delayed_probe,preference_change,,f1,45.83,,,,24,12,,,results/persona_joint_kimi_ab_a100_build1/analysis/analysis.json
absolute,matched_eight_arm,pooled_A_B,by_arm_condition_query_family,structured_memory_4096,,,delayed_probe,preference_incongruity,,exact_match,100.00,,,,24,12,,,results/persona_joint_kimi_ab_a100_build1/analysis/analysis.json
absolute,matched_eight_arm,pooled_A_B,by_arm_condition_query_family,structured_memory_4096,,,delayed_probe,preference_incongruity,,f1,100.00,,,,24,12,,,results/persona_joint_kimi_ab_a100_build1/analysis/analysis.json
absolute,matched_eight_arm,pooled_A_B,by_arm_condition_query_family,structured_memory_4096,,,post_update,preference_change,,exact_match,58.33,,,,24,12,,,results/persona_joint_kimi_ab_a100_build1/analysis/analysis.json
absolute,matched_eight_arm,pooled_A_B,by_arm_condition_query_family,structured_memory_4096,,,post_update,preference_change,,f1,60.00,,,,24,12,,,results/persona_joint_kimi_ab_a100_build1/analysis/analysis.json
absolute,matched_eight_arm,pooled_A_B,by_arm_condition_query_family,structured_memory_4096,,,post_update,preference_incongruity,,exact_match,70.83,,,,24,12,,,results/persona_joint_kimi_ab_a100_build1/analysis/analysis.json
absolute,matched_eight_arm,pooled_A_B,by_arm_condition_query_family,structured_memory_4096,,,post_update,preference_incongruity,,f1,81.25,,,,24,12,,,results/persona_joint_kimi_ab_a100_build1/analysis/analysis.json
absolute,matched_eight_arm,pooled_A_B,by_arm_condition_query_family,structured_memory_4096,,,pre_update,preference_change,,exact_match,83.33,,,,24,12,,,results/persona_joint_kimi_ab_a100_build1/analysis/analysis.json
absolute,matched_eight_arm,pooled_A_B,by_arm_condition_query_family,structured_memory_4096,,,pre_update,preference_change,,f1,83.33,,,,24,12,,,results/persona_joint_kimi_ab_a100_build1/analysis/analysis.json
absolute,matched_eight_arm,pooled_A_B,by_arm_condition_query_family,structured_memory_4096,,,pre_update,preference_incongruity,,exact_match,87.50,,,,24,12,,,results/persona_joint_kimi_ab_a100_build1/analysis/analysis.json
absolute,matched_eight_arm,pooled_A_B,by_arm_condition_query_family,structured_memory_4096,,,pre_update,preference_incongruity,,f1,87.50,,,,24,12,,,results/persona_joint_kimi_ab_a100_build1/analysis/analysis.json
absolute,matched_eight_arm,pooled_A_B,by_arm_condition_query_family,structured_memory_4096,,,token_distance_4096,preference_change,,exact_match,4.17,,,,24,12,,,results/persona_joint_kimi_ab_a100_build1/analysis/analysis.json
absolute,matched_eight_arm,pooled_A_B,by_arm_condition_query_family,structured_memory_4096,,,token_distance_4096,preference_change,,f1,9.31,,,,24,12,,,results/persona_joint_kimi_ab_a100_build1/analysis/analysis.json
absolute,matched_eight_arm,pooled_A_B,by_arm_condition_query_family,structured_memory_4096,,,token_distance_4096,preference_incongruity,,exact_match,66.67,,,,24,12,,,results/persona_joint_kimi_ab_a100_build1/analysis/analysis.json
absolute,matched_eight_arm,pooled_A_B,by_arm_condition_query_family,structured_memory_4096,,,token_distance_4096,preference_incongruity,,f1,66.67,,,,24,12,,,results/persona_joint_kimi_ab_a100_build1/analysis/analysis.json
absolute,matched_eight_arm,pooled_A_B,by_arm_condition_query_family,structured_memory_4096,,,token_distance_8192,preference_change,,exact_match,0.00,,,,24,12,,,results/persona_joint_kimi_ab_a100_build1/analysis/analysis.json
absolute,matched_eight_arm,pooled_A_B,by_arm_condition_query_family,structured_memory_4096,,,token_distance_8192,preference_change,,f1,2.08,,,,24,12,,,results/persona_joint_kimi_ab_a100_build1/analysis/analysis.json
absolute,matched_eight_arm,pooled_A_B,by_arm_condition_query_family,structured_memory_4096,,,token_distance_8192,preference_incongruity,,exact_match,91.67,,,,24,12,,,results/persona_joint_kimi_ab_a100_build1/analysis/analysis.json
absolute,matched_eight_arm,pooled_A_B,by_arm_condition_query_family,structured_memory_4096,,,token_distance_8192,preference_incongruity,,f1,91.67,,,,24,12,,,results/persona_joint_kimi_ab_a100_build1/analysis/analysis.json
absolute,matched_eight_arm,pooled_A_B,by_arm_query_family,graphiti_memory_16384,,,,preference_change,,exact_match,32.50,,,,120,12,,,results/persona_joint_kimi_ab_a100_build1/analysis/analysis.json
absolute,matched_eight_arm,pooled_A_B,by_arm_query_family,graphiti_memory_16384,,,,preference_change,,f1,33.81,,,,120,12,,,results/persona_joint_kimi_ab_a100_build1/analysis/analysis.json
absolute,matched_eight_arm,pooled_A_B,by_arm_query_family,graphiti_memory_16384,,,,preference_incongruity,,exact_match,78.33,,,,120,12,,,results/persona_joint_kimi_ab_a100_build1/analysis/analysis.json
absolute,matched_eight_arm,pooled_A_B,by_arm_query_family,graphiti_memory_16384,,,,preference_incongruity,,f1,85.75,,,,120,12,,,results/persona_joint_kimi_ab_a100_build1/analysis/analysis.json
absolute,matched_eight_arm,pooled_A_B,by_arm_query_family,graphiti_memory_4096,,,,preference_change,,exact_match,31.67,,,,120,12,,,results/persona_joint_kimi_ab_a100_build1/analysis/analysis.json
absolute,matched_eight_arm,pooled_A_B,by_arm_query_family,graphiti_memory_4096,,,,preference_change,,f1,33.11,,,,120,12,,,results/persona_joint_kimi_ab_a100_build1/analysis/analysis.json
absolute,matched_eight_arm,pooled_A_B,by_arm_query_family,graphiti_memory_4096,,,,preference_incongruity,,exact_match,49.17,,,,120,12,,,results/persona_joint_kimi_ab_a100_build1/analysis/analysis.json
absolute,matched_eight_arm,pooled_A_B,by_arm_query_family,graphiti_memory_4096,,,,preference_incongruity,,f1,62.31,,,,120,12,,,results/persona_joint_kimi_ab_a100_build1/analysis/analysis.json
absolute,matched_eight_arm,pooled_A_B,by_arm_query_family,hybrid_kg_memory_16384,,,,preference_change,,exact_match,41.67,,,,120,12,,,results/persona_joint_kimi_ab_a100_build1/analysis/analysis.json
absolute,matched_eight_arm,pooled_A_B,by_arm_query_family,hybrid_kg_memory_16384,,,,preference_change,,f1,42.65,,,,120,12,,,results/persona_joint_kimi_ab_a100_build1/analysis/analysis.json
absolute,matched_eight_arm,pooled_A_B,by_arm_query_family,hybrid_kg_memory_16384,,,,preference_incongruity,,exact_match,96.67,,,,120,12,,,results/persona_joint_kimi_ab_a100_build1/analysis/analysis.json
absolute,matched_eight_arm,pooled_A_B,by_arm_query_family,hybrid_kg_memory_16384,,,,preference_incongruity,,f1,97.83,,,,120,12,,,results/persona_joint_kimi_ab_a100_build1/analysis/analysis.json
absolute,matched_eight_arm,pooled_A_B,by_arm_query_family,hybrid_kg_memory_4096,,,,preference_change,,exact_match,39.17,,,,120,12,,,results/persona_joint_kimi_ab_a100_build1/analysis/analysis.json
absolute,matched_eight_arm,pooled_A_B,by_arm_query_family,hybrid_kg_memory_4096,,,,preference_change,,f1,43.11,,,,120,12,,,results/persona_joint_kimi_ab_a100_build1/analysis/analysis.json
absolute,matched_eight_arm,pooled_A_B,by_arm_query_family,hybrid_kg_memory_4096,,,,preference_incongruity,,exact_match,95.83,,,,120,12,,,results/persona_joint_kimi_ab_a100_build1/analysis/analysis.json
absolute,matched_eight_arm,pooled_A_B,by_arm_query_family,hybrid_kg_memory_4096,,,,preference_incongruity,,f1,96.94,,,,120,12,,,results/persona_joint_kimi_ab_a100_build1/analysis/analysis.json
absolute,matched_eight_arm,pooled_A_B,by_arm_query_family,sliding_context_16384,,,,preference_change,,exact_match,34.17,,,,120,12,,,results/persona_joint_kimi_ab_a100_build1/analysis/analysis.json
absolute,matched_eight_arm,pooled_A_B,by_arm_query_family,sliding_context_16384,,,,preference_change,,f1,34.78,,,,120,12,,,results/persona_joint_kimi_ab_a100_build1/analysis/analysis.json
absolute,matched_eight_arm,pooled_A_B,by_arm_query_family,sliding_context_16384,,,,preference_incongruity,,exact_match,71.67,,,,120,12,,,results/persona_joint_kimi_ab_a100_build1/analysis/analysis.json
absolute,matched_eight_arm,pooled_A_B,by_arm_query_family,sliding_context_16384,,,,preference_incongruity,,f1,80.06,,,,120,12,,,results/persona_joint_kimi_ab_a100_build1/analysis/analysis.json
absolute,matched_eight_arm,pooled_A_B,by_arm_query_family,sliding_context_4096,,,,preference_change,,exact_match,29.17,,,,120,12,,,results/persona_joint_kimi_ab_a100_build1/analysis/analysis.json
absolute,matched_eight_arm,pooled_A_B,by_arm_query_family,sliding_context_4096,,,,preference_change,,f1,30.94,,,,120,12,,,results/persona_joint_kimi_ab_a100_build1/analysis/analysis.json
absolute,matched_eight_arm,pooled_A_B,by_arm_query_family,sliding_context_4096,,,,preference_incongruity,,exact_match,31.67,,,,120,12,,,results/persona_joint_kimi_ab_a100_build1/analysis/analysis.json
absolute,matched_eight_arm,pooled_A_B,by_arm_query_family,sliding_context_4096,,,,preference_incongruity,,f1,36.33,,,,120,12,,,results/persona_joint_kimi_ab_a100_build1/analysis/analysis.json
absolute,matched_eight_arm,pooled_A_B,by_arm_query_family,structured_memory_16384,,,,preference_change,,exact_match,34.17,,,,120,12,,,results/persona_joint_kimi_ab_a100_build1/analysis/analysis.json
absolute,matched_eight_arm,pooled_A_B,by_arm_query_family,structured_memory_16384,,,,preference_change,,f1,34.78,,,,120,12,,,results/persona_joint_kimi_ab_a100_build1/analysis/analysis.json
absolute,matched_eight_arm,pooled_A_B,by_arm_query_family,structured_memory_16384,,,,preference_incongruity,,exact_match,90.00,,,,120,12,,,results/persona_joint_kimi_ab_a100_build1/analysis/analysis.json
absolute,matched_eight_arm,pooled_A_B,by_arm_query_family,structured_memory_16384,,,,preference_incongruity,,f1,94.42,,,,120,12,,,results/persona_joint_kimi_ab_a100_build1/analysis/analysis.json
absolute,matched_eight_arm,pooled_A_B,by_arm_query_family,structured_memory_4096,,,,preference_change,,exact_match,38.33,,,,120,12,,,results/persona_joint_kimi_ab_a100_build1/analysis/analysis.json
absolute,matched_eight_arm,pooled_A_B,by_arm_query_family,structured_memory_4096,,,,preference_change,,f1,40.11,,,,120,12,,,results/persona_joint_kimi_ab_a100_build1/analysis/analysis.json
absolute,matched_eight_arm,pooled_A_B,by_arm_query_family,structured_memory_4096,,,,preference_incongruity,,exact_match,83.33,,,,120,12,,,results/persona_joint_kimi_ab_a100_build1/analysis/analysis.json
absolute,matched_eight_arm,pooled_A_B,by_arm_query_family,structured_memory_4096,,,,preference_incongruity,,f1,85.42,,,,120,12,,,results/persona_joint_kimi_ab_a100_build1/analysis/analysis.json
absolute,matched_eight_arm,A,by_arm,graphiti_memory_16384,,,,,,exact_match,52.50,,,,120,12,,,results/persona_joint_kimi_ab_a100_build1/analysis/analysis.json
absolute,matched_eight_arm,A,by_arm,graphiti_memory_16384,,,,,,f1,57.92,,,,120,12,,,results/persona_joint_kimi_ab_a100_build1/analysis/analysis.json
absolute,matched_eight_arm,A,by_arm,graphiti_memory_4096,,,,,,exact_match,40.83,,,,120,12,,,results/persona_joint_kimi_ab_a100_build1/analysis/analysis.json
absolute,matched_eight_arm,A,by_arm,graphiti_memory_4096,,,,,,f1,47.28,,,,120,12,,,results/persona_joint_kimi_ab_a100_build1/analysis/analysis.json
absolute,matched_eight_arm,A,by_arm,hybrid_kg_memory_16384,,,,,,exact_match,71.67,,,,120,12,,,results/persona_joint_kimi_ab_a100_build1/analysis/analysis.json
absolute,matched_eight_arm,A,by_arm,hybrid_kg_memory_16384,,,,,,f1,72.57,,,,120,12,,,results/persona_joint_kimi_ab_a100_build1/analysis/analysis.json
absolute,matched_eight_arm,A,by_arm,hybrid_kg_memory_4096,,,,,,exact_match,69.17,,,,120,12,,,results/persona_joint_kimi_ab_a100_build1/analysis/analysis.json
absolute,matched_eight_arm,A,by_arm,hybrid_kg_memory_4096,,,,,,f1,71.19,,,,120,12,,,results/persona_joint_kimi_ab_a100_build1/analysis/analysis.json
absolute,matched_eight_arm,A,by_arm,sliding_context_16384,,,,,,exact_match,50.00,,,,120,12,,,results/persona_joint_kimi_ab_a100_build1/analysis/analysis.json
absolute,matched_eight_arm,A,by_arm,sliding_context_16384,,,,,,f1,55.64,,,,120,12,,,results/persona_joint_kimi_ab_a100_build1/analysis/analysis.json
absolute,matched_eight_arm,A,by_arm,sliding_context_4096,,,,,,exact_match,32.50,,,,120,12,,,results/persona_joint_kimi_ab_a100_build1/analysis/analysis.json
absolute,matched_eight_arm,A,by_arm,sliding_context_4096,,,,,,f1,35.83,,,,120,12,,,results/persona_joint_kimi_ab_a100_build1/analysis/analysis.json
absolute,matched_eight_arm,A,by_arm,structured_memory_16384,,,,,,exact_match,60.83,,,,120,12,,,results/persona_joint_kimi_ab_a100_build1/analysis/analysis.json
absolute,matched_eight_arm,A,by_arm,structured_memory_16384,,,,,,f1,64.00,,,,120,12,,,results/persona_joint_kimi_ab_a100_build1/analysis/analysis.json
absolute,matched_eight_arm,A,by_arm,structured_memory_4096,,,,,,exact_match,62.50,,,,120,12,,,results/persona_joint_kimi_ab_a100_build1/analysis/analysis.json
absolute,matched_eight_arm,A,by_arm,structured_memory_4096,,,,,,f1,64.50,,,,120,12,,,results/persona_joint_kimi_ab_a100_build1/analysis/analysis.json
absolute,matched_eight_arm,A,by_arm_condition,graphiti_memory_16384,,,delayed_probe,,,exact_match,25.00,,,,24,12,,,results/persona_joint_kimi_ab_a100_build1/analysis/analysis.json
absolute,matched_eight_arm,A,by_arm_condition,graphiti_memory_16384,,,delayed_probe,,,f1,33.19,,,,24,12,,,results/persona_joint_kimi_ab_a100_build1/analysis/analysis.json
absolute,matched_eight_arm,A,by_arm_condition,graphiti_memory_16384,,,post_update,,,exact_match,58.33,,,,24,12,,,results/persona_joint_kimi_ab_a100_build1/analysis/analysis.json
absolute,matched_eight_arm,A,by_arm_condition,graphiti_memory_16384,,,post_update,,,f1,66.94,,,,24,12,,,results/persona_joint_kimi_ab_a100_build1/analysis/analysis.json
absolute,matched_eight_arm,A,by_arm_condition,graphiti_memory_16384,,,pre_update,,,exact_match,91.67,,,,24,12,,,results/persona_joint_kimi_ab_a100_build1/analysis/analysis.json
absolute,matched_eight_arm,A,by_arm_condition,graphiti_memory_16384,,,pre_update,,,f1,91.67,,,,24,12,,,results/persona_joint_kimi_ab_a100_build1/analysis/analysis.json
absolute,matched_eight_arm,A,by_arm_condition,graphiti_memory_16384,,,token_distance_4096,,,exact_match,41.67,,,,24,12,,,results/persona_joint_kimi_ab_a100_build1/analysis/analysis.json
absolute,matched_eight_arm,A,by_arm_condition,graphiti_memory_16384,,,token_distance_4096,,,f1,48.19,,,,24,12,,,results/persona_joint_kimi_ab_a100_build1/analysis/analysis.json
absolute,matched_eight_arm,A,by_arm_condition,graphiti_memory_16384,,,token_distance_8192,,,exact_match,45.83,,,,24,12,,,results/persona_joint_kimi_ab_a100_build1/analysis/analysis.json
absolute,matched_eight_arm,A,by_arm_condition,graphiti_memory_16384,,,token_distance_8192,,,f1,49.58,,,,24,12,,,results/persona_joint_kimi_ab_a100_build1/analysis/analysis.json
absolute,matched_eight_arm,A,by_arm_condition,graphiti_memory_4096,,,delayed_probe,,,exact_match,20.83,,,,24,12,,,results/persona_joint_kimi_ab_a100_build1/analysis/analysis.json
absolute,matched_eight_arm,A,by_arm_condition,graphiti_memory_4096,,,delayed_probe,,,f1,27.36,,,,24,12,,,results/persona_joint_kimi_ab_a100_build1/analysis/analysis.json
absolute,matched_eight_arm,A,by_arm_condition,graphiti_memory_4096,,,post_update,,,exact_match,66.67,,,,24,12,,,results/persona_joint_kimi_ab_a100_build1/analysis/analysis.json
absolute,matched_eight_arm,A,by_arm_condition,graphiti_memory_4096,,,post_update,,,f1,74.58,,,,24,12,,,results/persona_joint_kimi_ab_a100_build1/analysis/analysis.json
absolute,matched_eight_arm,A,by_arm_condition,graphiti_memory_4096,,,pre_update,,,exact_match,95.83,,,,24,12,,,results/persona_joint_kimi_ab_a100_build1/analysis/analysis.json
absolute,matched_eight_arm,A,by_arm_condition,graphiti_memory_4096,,,pre_update,,,f1,95.83,,,,24,12,,,results/persona_joint_kimi_ab_a100_build1/analysis/analysis.json
absolute,matched_eight_arm,A,by_arm_condition,graphiti_memory_4096,,,token_distance_4096,,,exact_match,12.50,,,,24,12,,,results/persona_joint_kimi_ab_a100_build1/analysis/analysis.json
absolute,matched_eight_arm,A,by_arm_condition,graphiti_memory_4096,,,token_distance_4096,,,f1,25.83,,,,24,12,,,results/persona_joint_kimi_ab_a100_build1/analysis/analysis.json
absolute,matched_eight_arm,A,by_arm_condition,graphiti_memory_4096,,,token_distance_8192,,,exact_match,8.33,,,,24,12,,,results/persona_joint_kimi_ab_a100_build1/analysis/analysis.json
absolute,matched_eight_arm,A,by_arm_condition,graphiti_memory_4096,,,token_distance_8192,,,f1,12.78,,,,24,12,,,results/persona_joint_kimi_ab_a100_build1/analysis/analysis.json
absolute,matched_eight_arm,A,by_arm_condition,hybrid_kg_memory_16384,,,delayed_probe,,,exact_match,45.83,,,,24,12,,,results/persona_joint_kimi_ab_a100_build1/analysis/analysis.json
absolute,matched_eight_arm,A,by_arm_condition,hybrid_kg_memory_16384,,,delayed_probe,,,f1,47.50,,,,24,12,,,results/persona_joint_kimi_ab_a100_build1/analysis/analysis.json
absolute,matched_eight_arm,A,by_arm_condition,hybrid_kg_memory_16384,,,post_update,,,exact_match,100.00,,,,24,12,,,results/persona_joint_kimi_ab_a100_build1/analysis/analysis.json
absolute,matched_eight_arm,A,by_arm_condition,hybrid_kg_memory_16384,,,post_update,,,f1,100.00,,,,24,12,,,results/persona_joint_kimi_ab_a100_build1/analysis/analysis.json
absolute,matched_eight_arm,A,by_arm_condition,hybrid_kg_memory_16384,,,pre_update,,,exact_match,79.17,,,,24,12,,,results/persona_joint_kimi_ab_a100_build1/analysis/analysis.json
absolute,matched_eight_arm,A,by_arm_condition,hybrid_kg_memory_16384,,,pre_update,,,f1,79.17,,,,24,12,,,results/persona_joint_kimi_ab_a100_build1/analysis/analysis.json
absolute,matched_eight_arm,A,by_arm_condition,hybrid_kg_memory_16384,,,token_distance_4096,,,exact_match,70.83,,,,24,12,,,results/persona_joint_kimi_ab_a100_build1/analysis/analysis.json
absolute,matched_eight_arm,A,by_arm_condition,hybrid_kg_memory_16384,,,token_distance_4096,,,f1,72.02,,,,24,12,,,results/persona_joint_kimi_ab_a100_build1/analysis/analysis.json
absolute,matched_eight_arm,A,by_arm_condition,hybrid_kg_memory_16384,,,token_distance_8192,,,exact_match,62.50,,,,24,12,,,results/persona_joint_kimi_ab_a100_build1/analysis/analysis.json
absolute,matched_eight_arm,A,by_arm_condition,hybrid_kg_memory_16384,,,token_distance_8192,,,f1,64.17,,,,24,12,,,results/persona_joint_kimi_ab_a100_build1/analysis/analysis.json
absolute,matched_eight_arm,A,by_arm_condition,hybrid_kg_memory_4096,,,delayed_probe,,,exact_match,66.67,,,,24,12,,,results/persona_joint_kimi_ab_a100_build1/analysis/analysis.json
absolute,matched_eight_arm,A,by_arm_condition,hybrid_kg_memory_4096,,,delayed_probe,,,f1,68.33,,,,24,12,,,results/persona_joint_kimi_ab_a100_build1/analysis/analysis.json
absolute,matched_eight_arm,A,by_arm_condition,hybrid_kg_memory_4096,,,post_update,,,exact_match,100.00,,,,24,12,,,results/persona_joint_kimi_ab_a100_build1/analysis/analysis.json
absolute,matched_eight_arm,A,by_arm_condition,hybrid_kg_memory_4096,,,post_update,,,f1,100.00,,,,24,12,,,results/persona_joint_kimi_ab_a100_build1/analysis/analysis.json
absolute,matched_eight_arm,A,by_arm_condition,hybrid_kg_memory_4096,,,pre_update,,,exact_match,70.83,,,,24,12,,,results/persona_joint_kimi_ab_a100_build1/analysis/analysis.json
absolute,matched_eight_arm,A,by_arm_condition,hybrid_kg_memory_4096,,,pre_update,,,f1,70.83,,,,24,12,,,results/persona_joint_kimi_ab_a100_build1/analysis/analysis.json
absolute,matched_eight_arm,A,by_arm_condition,hybrid_kg_memory_4096,,,token_distance_4096,,,exact_match,58.33,,,,24,12,,,results/persona_joint_kimi_ab_a100_build1/analysis/analysis.json
absolute,matched_eight_arm,A,by_arm_condition,hybrid_kg_memory_4096,,,token_distance_4096,,,f1,63.75,,,,24,12,,,results/persona_joint_kimi_ab_a100_build1/analysis/analysis.json
absolute,matched_eight_arm,A,by_arm_condition,hybrid_kg_memory_4096,,,token_distance_8192,,,exact_match,50.00,,,,24,12,,,results/persona_joint_kimi_ab_a100_build1/analysis/analysis.json
absolute,matched_eight_arm,A,by_arm_condition,hybrid_kg_memory_4096,,,token_distance_8192,,,f1,53.06,,,,24,12,,,results/persona_joint_kimi_ab_a100_build1/analysis/analysis.json
absolute,matched_eight_arm,A,by_arm_condition,sliding_context_16384,,,delayed_probe,,,exact_match,20.83,,,,24,12,,,results/persona_joint_kimi_ab_a100_build1/analysis/analysis.json
absolute,matched_eight_arm,A,by_arm_condition,sliding_context_16384,,,delayed_probe,,,f1,22.92,,,,24,12,,,results/persona_joint_kimi_ab_a100_build1/analysis/analysis.json
absolute,matched_eight_arm,A,by_arm_condition,sliding_context_16384,,,post_update,,,exact_match,54.17,,,,24,12,,,results/persona_joint_kimi_ab_a100_build1/analysis/analysis.json
absolute,matched_eight_arm,A,by_arm_condition,sliding_context_16384,,,post_update,,,f1,62.78,,,,24,12,,,results/persona_joint_kimi_ab_a100_build1/analysis/analysis.json
absolute,matched_eight_arm,A,by_arm_condition,sliding_context_16384,,,pre_update,,,exact_match,100.00,,,,24,12,,,results/persona_joint_kimi_ab_a100_build1/analysis/analysis.json
absolute,matched_eight_arm,A,by_arm_condition,sliding_context_16384,,,pre_update,,,f1,100.00,,,,24,12,,,results/persona_joint_kimi_ab_a100_build1/analysis/analysis.json
absolute,matched_eight_arm,A,by_arm_condition,sliding_context_16384,,,token_distance_4096,,,exact_match,37.50,,,,24,12,,,results/persona_joint_kimi_ab_a100_build1/analysis/analysis.json
absolute,matched_eight_arm,A,by_arm_condition,sliding_context_16384,,,token_distance_4096,,,f1,46.11,,,,24,12,,,results/persona_joint_kimi_ab_a100_build1/analysis/analysis.json
absolute,matched_eight_arm,A,by_arm_condition,sliding_context_16384,,,token_distance_8192,,,exact_match,37.50,,,,24,12,,,results/persona_joint_kimi_ab_a100_build1/analysis/analysis.json
absolute,matched_eight_arm,A,by_arm_condition,sliding_context_16384,,,token_distance_8192,,,f1,46.39,,,,24,12,,,results/persona_joint_kimi_ab_a100_build1/analysis/analysis.json
absolute,matched_eight_arm,A,by_arm_condition,sliding_context_4096,,,delayed_probe,,,exact_match,0.00,,,,24,12,,,results/persona_joint_kimi_ab_a100_build1/analysis/analysis.json
absolute,matched_eight_arm,A,by_arm_condition,sliding_context_4096,,,delayed_probe,,,f1,0.00,,,,24,12,,,results/persona_joint_kimi_ab_a100_build1/analysis/analysis.json
absolute,matched_eight_arm,A,by_arm_condition,sliding_context_4096,,,post_update,,,exact_match,66.67,,,,24,12,,,results/persona_joint_kimi_ab_a100_build1/analysis/analysis.json
absolute,matched_eight_arm,A,by_arm_condition,sliding_context_4096,,,post_update,,,f1,74.58,,,,24,12,,,results/persona_joint_kimi_ab_a100_build1/analysis/analysis.json
absolute,matched_eight_arm,A,by_arm_condition,sliding_context_4096,,,pre_update,,,exact_match,91.67,,,,24,12,,,results/persona_joint_kimi_ab_a100_build1/analysis/analysis.json
absolute,matched_eight_arm,A,by_arm_condition,sliding_context_4096,,,pre_update,,,f1,91.67,,,,24,12,,,results/persona_joint_kimi_ab_a100_build1/analysis/analysis.json
absolute,matched_eight_arm,A,by_arm_condition,sliding_context_4096,,,token_distance_4096,,,exact_match,4.17,,,,24,12,,,results/persona_joint_kimi_ab_a100_build1/analysis/analysis.json
absolute,matched_eight_arm,A,by_arm_condition,sliding_context_4096,,,token_distance_4096,,,f1,11.25,,,,24,12,,,results/persona_joint_kimi_ab_a100_build1/analysis/analysis.json
absolute,matched_eight_arm,A,by_arm_condition,sliding_context_4096,,,token_distance_8192,,,exact_match,0.00,,,,24,12,,,results/persona_joint_kimi_ab_a100_build1/analysis/analysis.json
absolute,matched_eight_arm,A,by_arm_condition,sliding_context_4096,,,token_distance_8192,,,f1,1.67,,,,24,12,,,results/persona_joint_kimi_ab_a100_build1/analysis/analysis.json
absolute,matched_eight_arm,A,by_arm_condition,structured_memory_16384,,,delayed_probe,,,exact_match,50.00,,,,24,12,,,results/persona_joint_kimi_ab_a100_build1/analysis/analysis.json
absolute,matched_eight_arm,A,by_arm_condition,structured_memory_16384,,,delayed_probe,,,f1,50.00,,,,24,12,,,results/persona_joint_kimi_ab_a100_build1/analysis/analysis.json
absolute,matched_eight_arm,A,by_arm_condition,structured_memory_16384,,,post_update,,,exact_match,54.17,,,,24,12,,,results/persona_joint_kimi_ab_a100_build1/analysis/analysis.json
absolute,matched_eight_arm,A,by_arm_condition,structured_memory_16384,,,post_update,,,f1,62.78,,,,24,12,,,results/persona_joint_kimi_ab_a100_build1/analysis/analysis.json
absolute,matched_eight_arm,A,by_arm_condition,structured_memory_16384,,,pre_update,,,exact_match,100.00,,,,24,12,,,results/persona_joint_kimi_ab_a100_build1/analysis/analysis.json
absolute,matched_eight_arm,A,by_arm_condition,structured_memory_16384,,,pre_update,,,f1,100.00,,,,24,12,,,results/persona_joint_kimi_ab_a100_build1/analysis/analysis.json
absolute,matched_eight_arm,A,by_arm_condition,structured_memory_16384,,,token_distance_4096,,,exact_match,50.00,,,,24,12,,,results/persona_joint_kimi_ab_a100_build1/analysis/analysis.json
absolute,matched_eight_arm,A,by_arm_condition,structured_memory_16384,,,token_distance_4096,,,f1,53.47,,,,24,12,,,results/persona_joint_kimi_ab_a100_build1/analysis/analysis.json
absolute,matched_eight_arm,A,by_arm_condition,structured_memory_16384,,,token_distance_8192,,,exact_match,50.00,,,,24,12,,,results/persona_joint_kimi_ab_a100_build1/analysis/analysis.json
absolute,matched_eight_arm,A,by_arm_condition,structured_memory_16384,,,token_distance_8192,,,f1,53.75,,,,24,12,,,results/persona_joint_kimi_ab_a100_build1/analysis/analysis.json
absolute,matched_eight_arm,A,by_arm_condition,structured_memory_4096,,,delayed_probe,,,exact_match,70.83,,,,24,12,,,results/persona_joint_kimi_ab_a100_build1/analysis/analysis.json
absolute,matched_eight_arm,A,by_arm_condition,structured_memory_4096,,,delayed_probe,,,f1,70.83,,,,24,12,,,results/persona_joint_kimi_ab_a100_build1/analysis/analysis.json
absolute,matched_eight_arm,A,by_arm_condition,structured_memory_4096,,,post_update,,,exact_match,66.67,,,,24,12,,,results/persona_joint_kimi_ab_a100_build1/analysis/analysis.json
absolute,matched_eight_arm,A,by_arm_condition,structured_memory_4096,,,post_update,,,f1,74.58,,,,24,12,,,results/persona_joint_kimi_ab_a100_build1/analysis/analysis.json
absolute,matched_eight_arm,A,by_arm_condition,structured_memory_4096,,,pre_update,,,exact_match,91.67,,,,24,12,,,results/persona_joint_kimi_ab_a100_build1/analysis/analysis.json
absolute,matched_eight_arm,A,by_arm_condition,structured_memory_4096,,,pre_update,,,f1,91.67,,,,24,12,,,results/persona_joint_kimi_ab_a100_build1/analysis/analysis.json
absolute,matched_eight_arm,A,by_arm_condition,structured_memory_4096,,,token_distance_4096,,,exact_match,37.50,,,,24,12,,,results/persona_joint_kimi_ab_a100_build1/analysis/analysis.json
absolute,matched_eight_arm,A,by_arm_condition,structured_memory_4096,,,token_distance_4096,,,f1,39.58,,,,24,12,,,results/persona_joint_kimi_ab_a100_build1/analysis/analysis.json
absolute,matched_eight_arm,A,by_arm_condition,structured_memory_4096,,,token_distance_8192,,,exact_match,45.83,,,,24,12,,,results/persona_joint_kimi_ab_a100_build1/analysis/analysis.json
absolute,matched_eight_arm,A,by_arm_condition,structured_memory_4096,,,token_distance_8192,,,f1,45.83,,,,24,12,,,results/persona_joint_kimi_ab_a100_build1/analysis/analysis.json
absolute,matched_eight_arm,A,by_arm_condition_query_family,graphiti_memory_16384,,,delayed_probe,preference_change,,exact_match,0.00,,,,12,12,,,results/persona_joint_kimi_ab_a100_build1/analysis/analysis.json
absolute,matched_eight_arm,A,by_arm_condition_query_family,graphiti_memory_16384,,,delayed_probe,preference_change,,f1,0.00,,,,12,12,,,results/persona_joint_kimi_ab_a100_build1/analysis/analysis.json
absolute,matched_eight_arm,A,by_arm_condition_query_family,graphiti_memory_16384,,,delayed_probe,preference_incongruity,,exact_match,50.00,,,,12,12,,,results/persona_joint_kimi_ab_a100_build1/analysis/analysis.json
absolute,matched_eight_arm,A,by_arm_condition_query_family,graphiti_memory_16384,,,delayed_probe,preference_incongruity,,f1,66.39,,,,12,12,,,results/persona_joint_kimi_ab_a100_build1/analysis/analysis.json
absolute,matched_eight_arm,A,by_arm_condition_query_family,graphiti_memory_16384,,,post_update,preference_change,,exact_match,58.33,,,,12,12,,,results/persona_joint_kimi_ab_a100_build1/analysis/analysis.json
absolute,matched_eight_arm,A,by_arm_condition_query_family,graphiti_memory_16384,,,post_update,preference_change,,f1,58.33,,,,12,12,,,results/persona_joint_kimi_ab_a100_build1/analysis/analysis.json
absolute,matched_eight_arm,A,by_arm_condition_query_family,graphiti_memory_16384,,,post_update,preference_incongruity,,exact_match,58.33,,,,12,12,,,results/persona_joint_kimi_ab_a100_build1/analysis/analysis.json
absolute,matched_eight_arm,A,by_arm_condition_query_family,graphiti_memory_16384,,,post_update,preference_incongruity,,f1,75.56,,,,12,12,,,results/persona_joint_kimi_ab_a100_build1/analysis/analysis.json
absolute,matched_eight_arm,A,by_arm_condition_query_family,graphiti_memory_16384,,,pre_update,preference_change,,exact_match,83.33,,,,12,12,,,results/persona_joint_kimi_ab_a100_build1/analysis/analysis.json
absolute,matched_eight_arm,A,by_arm_condition_query_family,graphiti_memory_16384,,,pre_update,preference_change,,f1,83.33,,,,12,12,,,results/persona_joint_kimi_ab_a100_build1/analysis/analysis.json
absolute,matched_eight_arm,A,by_arm_condition_query_family,graphiti_memory_16384,,,pre_update,preference_incongruity,,exact_match,100.00,,,,12,12,,,results/persona_joint_kimi_ab_a100_build1/analysis/analysis.json
absolute,matched_eight_arm,A,by_arm_condition_query_family,graphiti_memory_16384,,,pre_update,preference_incongruity,,f1,100.00,,,,12,12,,,results/persona_joint_kimi_ab_a100_build1/analysis/analysis.json
absolute,matched_eight_arm,A,by_arm_condition_query_family,graphiti_memory_16384,,,token_distance_4096,preference_change,,exact_match,16.67,,,,12,12,,,results/persona_joint_kimi_ab_a100_build1/analysis/analysis.json
absolute,matched_eight_arm,A,by_arm_condition_query_family,graphiti_memory_16384,,,token_distance_4096,preference_change,,f1,16.67,,,,12,12,,,results/persona_joint_kimi_ab_a100_build1/analysis/analysis.json
absolute,matched_eight_arm,A,by_arm_condition_query_family,graphiti_memory_16384,,,token_distance_4096,preference_incongruity,,exact_match,66.67,,,,12,12,,,results/persona_joint_kimi_ab_a100_build1/analysis/analysis.json
absolute,matched_eight_arm,A,by_arm_condition_query_family,graphiti_memory_16384,,,token_distance_4096,preference_incongruity,,f1,79.72,,,,12,12,,,results/persona_joint_kimi_ab_a100_build1/analysis/analysis.json
absolute,matched_eight_arm,A,by_arm_condition_query_family,graphiti_memory_16384,,,token_distance_8192,preference_change,,exact_match,16.67,,,,12,12,,,results/persona_joint_kimi_ab_a100_build1/analysis/analysis.json
absolute,matched_eight_arm,A,by_arm_condition_query_family,graphiti_memory_16384,,,token_distance_8192,preference_change,,f1,16.67,,,,12,12,,,results/persona_joint_kimi_ab_a100_build1/analysis/analysis.json
absolute,matched_eight_arm,A,by_arm_condition_query_family,graphiti_memory_16384,,,token_distance_8192,preference_incongruity,,exact_match,75.00,,,,12,12,,,results/persona_joint_kimi_ab_a100_build1/analysis/analysis.json
absolute,matched_eight_arm,A,by_arm_condition_query_family,graphiti_memory_16384,,,token_distance_8192,preference_incongruity,,f1,82.50,,,,12,12,,,results/persona_joint_kimi_ab_a100_build1/analysis/analysis.json
absolute,matched_eight_arm,A,by_arm_condition_query_family,graphiti_memory_4096,,,delayed_probe,preference_change,,exact_match,25.00,,,,12,12,,,results/persona_joint_kimi_ab_a100_build1/analysis/analysis.json
absolute,matched_eight_arm,A,by_arm_condition_query_family,graphiti_memory_4096,,,delayed_probe,preference_change,,f1,25.00,,,,12,12,,,results/persona_joint_kimi_ab_a100_build1/analysis/analysis.json
absolute,matched_eight_arm,A,by_arm_condition_query_family,graphiti_memory_4096,,,delayed_probe,preference_incongruity,,exact_match,16.67,,,,12,12,,,results/persona_joint_kimi_ab_a100_build1/analysis/analysis.json
absolute,matched_eight_arm,A,by_arm_condition_query_family,graphiti_memory_4096,,,delayed_probe,preference_incongruity,,f1,29.72,,,,12,12,,,results/persona_joint_kimi_ab_a100_build1/analysis/analysis.json
absolute,matched_eight_arm,A,by_arm_condition_query_family,graphiti_memory_4096,,,post_update,preference_change,,exact_match,66.67,,,,12,12,,,results/persona_joint_kimi_ab_a100_build1/analysis/analysis.json
absolute,matched_eight_arm,A,by_arm_condition_query_family,graphiti_memory_4096,,,post_update,preference_change,,f1,70.00,,,,12,12,,,results/persona_joint_kimi_ab_a100_build1/analysis/analysis.json
absolute,matched_eight_arm,A,by_arm_condition_query_family,graphiti_memory_4096,,,post_update,preference_incongruity,,exact_match,66.67,,,,12,12,,,results/persona_joint_kimi_ab_a100_build1/analysis/analysis.json
absolute,matched_eight_arm,A,by_arm_condition_query_family,graphiti_memory_4096,,,post_update,preference_incongruity,,f1,79.17,,,,12,12,,,results/persona_joint_kimi_ab_a100_build1/analysis/analysis.json
absolute,matched_eight_arm,A,by_arm_condition_query_family,graphiti_memory_4096,,,pre_update,preference_change,,exact_match,91.67,,,,12,12,,,results/persona_joint_kimi_ab_a100_build1/analysis/analysis.json
absolute,matched_eight_arm,A,by_arm_condition_query_family,graphiti_memory_4096,,,pre_update,preference_change,,f1,91.67,,,,12,12,,,results/persona_joint_kimi_ab_a100_build1/analysis/analysis.json
absolute,matched_eight_arm,A,by_arm_condition_query_family,graphiti_memory_4096,,,pre_update,preference_incongruity,,exact_match,100.00,,,,12,12,,,results/persona_joint_kimi_ab_a100_build1/analysis/analysis.json
absolute,matched_eight_arm,A,by_arm_condition_query_family,graphiti_memory_4096,,,pre_update,preference_incongruity,,f1,100.00,,,,12,12,,,results/persona_joint_kimi_ab_a100_build1/analysis/analysis.json
absolute,matched_eight_arm,A,by_arm_condition_query_family,graphiti_memory_4096,,,token_distance_4096,preference_change,,exact_match,8.33,,,,12,12,,,results/persona_joint_kimi_ab_a100_build1/analysis/analysis.json
absolute,matched_eight_arm,A,by_arm_condition_query_family,graphiti_memory_4096,,,token_distance_4096,preference_change,,f1,12.50,,,,12,12,,,results/persona_joint_kimi_ab_a100_build1/analysis/analysis.json
absolute,matched_eight_arm,A,by_arm_condition_query_family,graphiti_memory_4096,,,token_distance_4096,preference_incongruity,,exact_match,16.67,,,,12,12,,,results/persona_joint_kimi_ab_a100_build1/analysis/analysis.json
absolute,matched_eight_arm,A,by_arm_condition_query_family,graphiti_memory_4096,,,token_distance_4096,preference_incongruity,,f1,39.17,,,,12,12,,,results/persona_joint_kimi_ab_a100_build1/analysis/analysis.json
absolute,matched_eight_arm,A,by_arm_condition_query_family,graphiti_memory_4096,,,token_distance_8192,preference_change,,exact_match,0.00,,,,12,12,,,results/persona_joint_kimi_ab_a100_build1/analysis/analysis.json
absolute,matched_eight_arm,A,by_arm_condition_query_family,graphiti_memory_4096,,,token_distance_8192,preference_change,,f1,0.00,,,,12,12,,,results/persona_joint_kimi_ab_a100_build1/analysis/analysis.json
absolute,matched_eight_arm,A,by_arm_condition_query_family,graphiti_memory_4096,,,token_distance_8192,preference_incongruity,,exact_match,16.67,,,,12,12,,,results/persona_joint_kimi_ab_a100_build1/analysis/analysis.json
absolute,matched_eight_arm,A,by_arm_condition_query_family,graphiti_memory_4096,,,token_distance_8192,preference_incongruity,,f1,25.56,,,,12,12,,,results/persona_joint_kimi_ab_a100_build1/analysis/analysis.json
absolute,matched_eight_arm,A,by_arm_condition_query_family,hybrid_kg_memory_16384,,,delayed_probe,preference_change,,exact_match,0.00,,,,12,12,,,results/persona_joint_kimi_ab_a100_build1/analysis/analysis.json
absolute,matched_eight_arm,A,by_arm_condition_query_family,hybrid_kg_memory_16384,,,delayed_probe,preference_change,,f1,0.00,,,,12,12,,,results/persona_joint_kimi_ab_a100_build1/analysis/analysis.json
absolute,matched_eight_arm,A,by_arm_condition_query_family,hybrid_kg_memory_16384,,,delayed_probe,preference_incongruity,,exact_match,91.67,,,,12,12,,,results/persona_joint_kimi_ab_a100_build1/analysis/analysis.json
absolute,matched_eight_arm,A,by_arm_condition_query_family,hybrid_kg_memory_16384,,,delayed_probe,preference_incongruity,,f1,95.00,,,,12,12,,,results/persona_joint_kimi_ab_a100_build1/analysis/analysis.json
absolute,matched_eight_arm,A,by_arm_condition_query_family,hybrid_kg_memory_16384,,,post_update,preference_change,,exact_match,100.00,,,,12,12,,,results/persona_joint_kimi_ab_a100_build1/analysis/analysis.json
absolute,matched_eight_arm,A,by_arm_condition_query_family,hybrid_kg_memory_16384,,,post_update,preference_change,,f1,100.00,,,,12,12,,,results/persona_joint_kimi_ab_a100_build1/analysis/analysis.json
absolute,matched_eight_arm,A,by_arm_condition_query_family,hybrid_kg_memory_16384,,,post_update,preference_incongruity,,exact_match,100.00,,,,12,12,,,results/persona_joint_kimi_ab_a100_build1/analysis/analysis.json
absolute,matched_eight_arm,A,by_arm_condition_query_family,hybrid_kg_memory_16384,,,post_update,preference_incongruity,,f1,100.00,,,,12,12,,,results/persona_joint_kimi_ab_a100_build1/analysis/analysis.json
absolute,matched_eight_arm,A,by_arm_condition_query_family,hybrid_kg_memory_16384,,,pre_update,preference_change,,exact_match,58.33,,,,12,12,,,results/persona_joint_kimi_ab_a100_build1/analysis/analysis.json
absolute,matched_eight_arm,A,by_arm_condition_query_family,hybrid_kg_memory_16384,,,pre_update,preference_change,,f1,58.33,,,,12,12,,,results/persona_joint_kimi_ab_a100_build1/analysis/analysis.json
absolute,matched_eight_arm,A,by_arm_condition_query_family,hybrid_kg_memory_16384,,,pre_update,preference_incongruity,,exact_match,100.00,,,,12,12,,,results/persona_joint_kimi_ab_a100_build1/analysis/analysis.json
absolute,matched_eight_arm,A,by_arm_condition_query_family,hybrid_kg_memory_16384,,,pre_update,preference_incongruity,,f1,100.00,,,,12,12,,,results/persona_joint_kimi_ab_a100_build1/analysis/analysis.json
absolute,matched_eight_arm,A,by_arm_condition_query_family,hybrid_kg_memory_16384,,,token_distance_4096,preference_change,,exact_match,41.67,,,,12,12,,,results/persona_joint_kimi_ab_a100_build1/analysis/analysis.json
absolute,matched_eight_arm,A,by_arm_condition_query_family,hybrid_kg_memory_16384,,,token_distance_4096,preference_change,,f1,44.05,,,,12,12,,,results/persona_joint_kimi_ab_a100_build1/analysis/analysis.json
absolute,matched_eight_arm,A,by_arm_condition_query_family,hybrid_kg_memory_16384,,,token_distance_4096,preference_incongruity,,exact_match,100.00,,,,12,12,,,results/persona_joint_kimi_ab_a100_build1/analysis/analysis.json
absolute,matched_eight_arm,A,by_arm_condition_query_family,hybrid_kg_memory_16384,,,token_distance_4096,preference_incongruity,,f1,100.00,,,,12,12,,,results/persona_joint_kimi_ab_a100_build1/analysis/analysis.json
absolute,matched_eight_arm,A,by_arm_condition_query_family,hybrid_kg_memory_16384,,,token_distance_8192,preference_change,,exact_match,25.00,,,,12,12,,,results/persona_joint_kimi_ab_a100_build1/analysis/analysis.json
absolute,matched_eight_arm,A,by_arm_condition_query_family,hybrid_kg_memory_16384,,,token_distance_8192,preference_change,,f1,28.33,,,,12,12,,,results/persona_joint_kimi_ab_a100_build1/analysis/analysis.json
absolute,matched_eight_arm,A,by_arm_condition_query_family,hybrid_kg_memory_16384,,,token_distance_8192,preference_incongruity,,exact_match,100.00,,,,12,12,,,results/persona_joint_kimi_ab_a100_build1/analysis/analysis.json
absolute,matched_eight_arm,A,by_arm_condition_query_family,hybrid_kg_memory_16384,,,token_distance_8192,preference_incongruity,,f1,100.00,,,,12,12,,,results/persona_joint_kimi_ab_a100_build1/analysis/analysis.json
absolute,matched_eight_arm,A,by_arm_condition_query_family,hybrid_kg_memory_4096,,,delayed_probe,preference_change,,exact_match,33.33,,,,12,12,,,results/persona_joint_kimi_ab_a100_build1/analysis/analysis.json
absolute,matched_eight_arm,A,by_arm_condition_query_family,hybrid_kg_memory_4096,,,delayed_probe,preference_change,,f1,36.67,,,,12,12,,,results/persona_joint_kimi_ab_a100_build1/analysis/analysis.json
absolute,matched_eight_arm,A,by_arm_condition_query_family,hybrid_kg_memory_4096,,,delayed_probe,preference_incongruity,,exact_match,100.00,,,,12,12,,,results/persona_joint_kimi_ab_a100_build1/analysis/analysis.json
absolute,matched_eight_arm,A,by_arm_condition_query_family,hybrid_kg_memory_4096,,,delayed_probe,preference_incongruity,,f1,100.00,,,,12,12,,,results/persona_joint_kimi_ab_a100_build1/analysis/analysis.json
absolute,matched_eight_arm,A,by_arm_condition_query_family,hybrid_kg_memory_4096,,,post_update,preference_change,,exact_match,100.00,,,,12,12,,,results/persona_joint_kimi_ab_a100_build1/analysis/analysis.json
absolute,matched_eight_arm,A,by_arm_condition_query_family,hybrid_kg_memory_4096,,,post_update,preference_change,,f1,100.00,,,,12,12,,,results/persona_joint_kimi_ab_a100_build1/analysis/analysis.json
absolute,matched_eight_arm,A,by_arm_condition_query_family,hybrid_kg_memory_4096,,,post_update,preference_incongruity,,exact_match,100.00,,,,12,12,,,results/persona_joint_kimi_ab_a100_build1/analysis/analysis.json
absolute,matched_eight_arm,A,by_arm_condition_query_family,hybrid_kg_memory_4096,,,post_update,preference_incongruity,,f1,100.00,,,,12,12,,,results/persona_joint_kimi_ab_a100_build1/analysis/analysis.json
absolute,matched_eight_arm,A,by_arm_condition_query_family,hybrid_kg_memory_4096,,,pre_update,preference_change,,exact_match,41.67,,,,12,12,,,results/persona_joint_kimi_ab_a100_build1/analysis/analysis.json
absolute,matched_eight_arm,A,by_arm_condition_query_family,hybrid_kg_memory_4096,,,pre_update,preference_change,,f1,41.67,,,,12,12,,,results/persona_joint_kimi_ab_a100_build1/analysis/analysis.json
absolute,matched_eight_arm,A,by_arm_condition_query_family,hybrid_kg_memory_4096,,,pre_update,preference_incongruity,,exact_match,100.00,,,,12,12,,,results/persona_joint_kimi_ab_a100_build1/analysis/analysis.json
absolute,matched_eight_arm,A,by_arm_condition_query_family,hybrid_kg_memory_4096,,,pre_update,preference_incongruity,,f1,100.00,,,,12,12,,,results/persona_joint_kimi_ab_a100_build1/analysis/analysis.json
absolute,matched_eight_arm,A,by_arm_condition_query_family,hybrid_kg_memory_4096,,,token_distance_4096,preference_change,,exact_match,16.67,,,,12,12,,,results/persona_joint_kimi_ab_a100_build1/analysis/analysis.json
absolute,matched_eight_arm,A,by_arm_condition_query_family,hybrid_kg_memory_4096,,,token_distance_4096,preference_change,,f1,27.50,,,,12,12,,,results/persona_joint_kimi_ab_a100_build1/analysis/analysis.json
absolute,matched_eight_arm,A,by_arm_condition_query_family,hybrid_kg_memory_4096,,,token_distance_4096,preference_incongruity,,exact_match,100.00,,,,12,12,,,results/persona_joint_kimi_ab_a100_build1/analysis/analysis.json
absolute,matched_eight_arm,A,by_arm_condition_query_family,hybrid_kg_memory_4096,,,token_distance_4096,preference_incongruity,,f1,100.00,,,,12,12,,,results/persona_joint_kimi_ab_a100_build1/analysis/analysis.json
absolute,matched_eight_arm,A,by_arm_condition_query_family,hybrid_kg_memory_4096,,,token_distance_8192,preference_change,,exact_match,8.33,,,,12,12,,,results/persona_joint_kimi_ab_a100_build1/analysis/analysis.json
absolute,matched_eight_arm,A,by_arm_condition_query_family,hybrid_kg_memory_4096,,,token_distance_8192,preference_change,,f1,11.67,,,,12,12,,,results/persona_joint_kimi_ab_a100_build1/analysis/analysis.json
absolute,matched_eight_arm,A,by_arm_condition_query_family,hybrid_kg_memory_4096,,,token_distance_8192,preference_incongruity,,exact_match,91.67,,,,12,12,,,results/persona_joint_kimi_ab_a100_build1/analysis/analysis.json
absolute,matched_eight_arm,A,by_arm_condition_query_family,hybrid_kg_memory_4096,,,token_distance_8192,preference_incongruity,,f1,94.44,,,,12,12,,,results/persona_joint_kimi_ab_a100_build1/analysis/analysis.json
absolute,matched_eight_arm,A,by_arm_condition_query_family,sliding_context_16384,,,delayed_probe,preference_change,,exact_match,0.00,,,,12,12,,,results/persona_joint_kimi_ab_a100_build1/analysis/analysis.json
absolute,matched_eight_arm,A,by_arm_condition_query_family,sliding_context_16384,,,delayed_probe,preference_change,,f1,0.00,,,,12,12,,,results/persona_joint_kimi_ab_a100_build1/analysis/analysis.json
absolute,matched_eight_arm,A,by_arm_condition_query_family,sliding_context_16384,,,delayed_probe,preference_incongruity,,exact_match,41.67,,,,12,12,,,results/persona_joint_kimi_ab_a100_build1/analysis/analysis.json
absolute,matched_eight_arm,A,by_arm_condition_query_family,sliding_context_16384,,,delayed_probe,preference_incongruity,,f1,45.83,,,,12,12,,,results/persona_joint_kimi_ab_a100_build1/analysis/analysis.json
absolute,matched_eight_arm,A,by_arm_condition_query_family,sliding_context_16384,,,post_update,preference_change,,exact_match,50.00,,,,12,12,,,results/persona_joint_kimi_ab_a100_build1/analysis/analysis.json
absolute,matched_eight_arm,A,by_arm_condition_query_family,sliding_context_16384,,,post_update,preference_change,,f1,50.00,,,,12,12,,,results/persona_joint_kimi_ab_a100_build1/analysis/analysis.json
absolute,matched_eight_arm,A,by_arm_condition_query_family,sliding_context_16384,,,post_update,preference_incongruity,,exact_match,58.33,,,,12,12,,,results/persona_joint_kimi_ab_a100_build1/analysis/analysis.json
absolute,matched_eight_arm,A,by_arm_condition_query_family,sliding_context_16384,,,post_update,preference_incongruity,,f1,75.56,,,,12,12,,,results/persona_joint_kimi_ab_a100_build1/analysis/analysis.json
absolute,matched_eight_arm,A,by_arm_condition_query_family,sliding_context_16384,,,pre_update,preference_change,,exact_match,100.00,,,,12,12,,,results/persona_joint_kimi_ab_a100_build1/analysis/analysis.json
absolute,matched_eight_arm,A,by_arm_condition_query_family,sliding_context_16384,,,pre_update,preference_change,,f1,100.00,,,,12,12,,,results/persona_joint_kimi_ab_a100_build1/analysis/analysis.json
absolute,matched_eight_arm,A,by_arm_condition_query_family,sliding_context_16384,,,pre_update,preference_incongruity,,exact_match,100.00,,,,12,12,,,results/persona_joint_kimi_ab_a100_build1/analysis/analysis.json
absolute,matched_eight_arm,A,by_arm_condition_query_family,sliding_context_16384,,,pre_update,preference_incongruity,,f1,100.00,,,,12,12,,,results/persona_joint_kimi_ab_a100_build1/analysis/analysis.json
absolute,matched_eight_arm,A,by_arm_condition_query_family,sliding_context_16384,,,token_distance_4096,preference_change,,exact_match,16.67,,,,12,12,,,results/persona_joint_kimi_ab_a100_build1/analysis/analysis.json
absolute,matched_eight_arm,A,by_arm_condition_query_family,sliding_context_16384,,,token_distance_4096,preference_change,,f1,16.67,,,,12,12,,,results/persona_joint_kimi_ab_a100_build1/analysis/analysis.json
absolute,matched_eight_arm,A,by_arm_condition_query_family,sliding_context_16384,,,token_distance_4096,preference_incongruity,,exact_match,58.33,,,,12,12,,,results/persona_joint_kimi_ab_a100_build1/analysis/analysis.json
absolute,matched_eight_arm,A,by_arm_condition_query_family,sliding_context_16384,,,token_distance_4096,preference_incongruity,,f1,75.56,,,,12,12,,,results/persona_joint_kimi_ab_a100_build1/analysis/analysis.json
absolute,matched_eight_arm,A,by_arm_condition_query_family,sliding_context_16384,,,token_distance_8192,preference_change,,exact_match,8.33,,,,12,12,,,results/persona_joint_kimi_ab_a100_build1/analysis/analysis.json
absolute,matched_eight_arm,A,by_arm_condition_query_family,sliding_context_16384,,,token_distance_8192,preference_change,,f1,11.67,,,,12,12,,,results/persona_joint_kimi_ab_a100_build1/analysis/analysis.json
absolute,matched_eight_arm,A,by_arm_condition_query_family,sliding_context_16384,,,token_distance_8192,preference_incongruity,,exact_match,66.67,,,,12,12,,,results/persona_joint_kimi_ab_a100_build1/analysis/analysis.json
absolute,matched_eight_arm,A,by_arm_condition_query_family,sliding_context_16384,,,token_distance_8192,preference_incongruity,,f1,81.11,,,,12,12,,,results/persona_joint_kimi_ab_a100_build1/analysis/analysis.json
absolute,matched_eight_arm,A,by_arm_condition_query_family,sliding_context_4096,,,delayed_probe,preference_change,,exact_match,0.00,,,,12,12,,,results/persona_joint_kimi_ab_a100_build1/analysis/analysis.json
absolute,matched_eight_arm,A,by_arm_condition_query_family,sliding_context_4096,,,delayed_probe,preference_change,,f1,0.00,,,,12,12,,,results/persona_joint_kimi_ab_a100_build1/analysis/analysis.json
absolute,matched_eight_arm,A,by_arm_condition_query_family,sliding_context_4096,,,delayed_probe,preference_incongruity,,exact_match,0.00,,,,12,12,,,results/persona_joint_kimi_ab_a100_build1/analysis/analysis.json
absolute,matched_eight_arm,A,by_arm_condition_query_family,sliding_context_4096,,,delayed_probe,preference_incongruity,,f1,0.00,,,,12,12,,,results/persona_joint_kimi_ab_a100_build1/analysis/analysis.json
absolute,matched_eight_arm,A,by_arm_condition_query_family,sliding_context_4096,,,post_update,preference_change,,exact_match,66.67,,,,12,12,,,results/persona_joint_kimi_ab_a100_build1/analysis/analysis.json
absolute,matched_eight_arm,A,by_arm_condition_query_family,sliding_context_4096,,,post_update,preference_change,,f1,70.00,,,,12,12,,,results/persona_joint_kimi_ab_a100_build1/analysis/analysis.json
absolute,matched_eight_arm,A,by_arm_condition_query_family,sliding_context_4096,,,post_update,preference_incongruity,,exact_match,66.67,,,,12,12,,,results/persona_joint_kimi_ab_a100_build1/analysis/analysis.json
absolute,matched_eight_arm,A,by_arm_condition_query_family,sliding_context_4096,,,post_update,preference_incongruity,,f1,79.17,,,,12,12,,,results/persona_joint_kimi_ab_a100_build1/analysis/analysis.json
absolute,matched_eight_arm,A,by_arm_condition_query_family,sliding_context_4096,,,pre_update,preference_change,,exact_match,91.67,,,,12,12,,,results/persona_joint_kimi_ab_a100_build1/analysis/analysis.json
absolute,matched_eight_arm,A,by_arm_condition_query_family,sliding_context_4096,,,pre_update,preference_change,,f1,91.67,,,,12,12,,,results/persona_joint_kimi_ab_a100_build1/analysis/analysis.json
absolute,matched_eight_arm,A,by_arm_condition_query_family,sliding_context_4096,,,pre_update,preference_incongruity,,exact_match,91.67,,,,12,12,,,results/persona_joint_kimi_ab_a100_build1/analysis/analysis.json
absolute,matched_eight_arm,A,by_arm_condition_query_family,sliding_context_4096,,,pre_update,preference_incongruity,,f1,91.67,,,,12,12,,,results/persona_joint_kimi_ab_a100_build1/analysis/analysis.json
absolute,matched_eight_arm,A,by_arm_condition_query_family,sliding_context_4096,,,token_distance_4096,preference_change,,exact_match,8.33,,,,12,12,,,results/persona_joint_kimi_ab_a100_build1/analysis/analysis.json
absolute,matched_eight_arm,A,by_arm_condition_query_family,sliding_context_4096,,,token_distance_4096,preference_change,,f1,12.50,,,,12,12,,,results/persona_joint_kimi_ab_a100_build1/analysis/analysis.json
absolute,matched_eight_arm,A,by_arm_condition_query_family,sliding_context_4096,,,token_distance_4096,preference_incongruity,,exact_match,0.00,,,,12,12,,,results/persona_joint_kimi_ab_a100_build1/analysis/analysis.json
absolute,matched_eight_arm,A,by_arm_condition_query_family,sliding_context_4096,,,token_distance_4096,preference_incongruity,,f1,10.00,,,,12,12,,,results/persona_joint_kimi_ab_a100_build1/analysis/analysis.json
absolute,matched_eight_arm,A,by_arm_condition_query_family,sliding_context_4096,,,token_distance_8192,preference_change,,exact_match,0.00,,,,12,12,,,results/persona_joint_kimi_ab_a100_build1/analysis/analysis.json
absolute,matched_eight_arm,A,by_arm_condition_query_family,sliding_context_4096,,,token_distance_8192,preference_change,,f1,0.00,,,,12,12,,,results/persona_joint_kimi_ab_a100_build1/analysis/analysis.json
absolute,matched_eight_arm,A,by_arm_condition_query_family,sliding_context_4096,,,token_distance_8192,preference_incongruity,,exact_match,0.00,,,,12,12,,,results/persona_joint_kimi_ab_a100_build1/analysis/analysis.json
absolute,matched_eight_arm,A,by_arm_condition_query_family,sliding_context_4096,,,token_distance_8192,preference_incongruity,,f1,3.33,,,,12,12,,,results/persona_joint_kimi_ab_a100_build1/analysis/analysis.json
absolute,matched_eight_arm,A,by_arm_condition_query_family,structured_memory_16384,,,delayed_probe,preference_change,,exact_match,0.00,,,,12,12,,,results/persona_joint_kimi_ab_a100_build1/analysis/analysis.json
absolute,matched_eight_arm,A,by_arm_condition_query_family,structured_memory_16384,,,delayed_probe,preference_change,,f1,0.00,,,,12,12,,,results/persona_joint_kimi_ab_a100_build1/analysis/analysis.json
absolute,matched_eight_arm,A,by_arm_condition_query_family,structured_memory_16384,,,delayed_probe,preference_incongruity,,exact_match,100.00,,,,12,12,,,results/persona_joint_kimi_ab_a100_build1/analysis/analysis.json
absolute,matched_eight_arm,A,by_arm_condition_query_family,structured_memory_16384,,,delayed_probe,preference_incongruity,,f1,100.00,,,,12,12,,,results/persona_joint_kimi_ab_a100_build1/analysis/analysis.json
absolute,matched_eight_arm,A,by_arm_condition_query_family,structured_memory_16384,,,post_update,preference_change,,exact_match,50.00,,,,12,12,,,results/persona_joint_kimi_ab_a100_build1/analysis/analysis.json
absolute,matched_eight_arm,A,by_arm_condition_query_family,structured_memory_16384,,,post_update,preference_change,,f1,50.00,,,,12,12,,,results/persona_joint_kimi_ab_a100_build1/analysis/analysis.json
absolute,matched_eight_arm,A,by_arm_condition_query_family,structured_memory_16384,,,post_update,preference_incongruity,,exact_match,58.33,,,,12,12,,,results/persona_joint_kimi_ab_a100_build1/analysis/analysis.json
absolute,matched_eight_arm,A,by_arm_condition_query_family,structured_memory_16384,,,post_update,preference_incongruity,,f1,75.56,,,,12,12,,,results/persona_joint_kimi_ab_a100_build1/analysis/analysis.json
absolute,matched_eight_arm,A,by_arm_condition_query_family,structured_memory_16384,,,pre_update,preference_change,,exact_match,100.00,,,,12,12,,,results/persona_joint_kimi_ab_a100_build1/analysis/analysis.json
absolute,matched_eight_arm,A,by_arm_condition_query_family,structured_memory_16384,,,pre_update,preference_change,,f1,100.00,,,,12,12,,,results/persona_joint_kimi_ab_a100_build1/analysis/analysis.json
absolute,matched_eight_arm,A,by_arm_condition_query_family,structured_memory_16384,,,pre_update,preference_incongruity,,exact_match,100.00,,,,12,12,,,results/persona_joint_kimi_ab_a100_build1/analysis/analysis.json
absolute,matched_eight_arm,A,by_arm_condition_query_family,structured_memory_16384,,,pre_update,preference_incongruity,,f1,100.00,,,,12,12,,,results/persona_joint_kimi_ab_a100_build1/analysis/analysis.json
absolute,matched_eight_arm,A,by_arm_condition_query_family,structured_memory_16384,,,token_distance_4096,preference_change,,exact_match,16.67,,,,12,12,,,results/persona_joint_kimi_ab_a100_build1/analysis/analysis.json
absolute,matched_eight_arm,A,by_arm_condition_query_family,structured_memory_16384,,,token_distance_4096,preference_change,,f1,16.67,,,,12,12,,,results/persona_joint_kimi_ab_a100_build1/analysis/analysis.json
absolute,matched_eight_arm,A,by_arm_condition_query_family,structured_memory_16384,,,token_distance_4096,preference_incongruity,,exact_match,83.33,,,,12,12,,,results/persona_joint_kimi_ab_a100_build1/analysis/analysis.json
absolute,matched_eight_arm,A,by_arm_condition_query_family,structured_memory_16384,,,token_distance_4096,preference_incongruity,,f1,90.28,,,,12,12,,,results/persona_joint_kimi_ab_a100_build1/analysis/analysis.json
absolute,matched_eight_arm,A,by_arm_condition_query_family,structured_memory_16384,,,token_distance_8192,preference_change,,exact_match,8.33,,,,12,12,,,results/persona_joint_kimi_ab_a100_build1/analysis/analysis.json
absolute,matched_eight_arm,A,by_arm_condition_query_family,structured_memory_16384,,,token_distance_8192,preference_change,,f1,11.67,,,,12,12,,,results/persona_joint_kimi_ab_a100_build1/analysis/analysis.json
absolute,matched_eight_arm,A,by_arm_condition_query_family,structured_memory_16384,,,token_distance_8192,preference_incongruity,,exact_match,91.67,,,,12,12,,,results/persona_joint_kimi_ab_a100_build1/analysis/analysis.json
absolute,matched_eight_arm,A,by_arm_condition_query_family,structured_memory_16384,,,token_distance_8192,preference_incongruity,,f1,95.83,,,,12,12,,,results/persona_joint_kimi_ab_a100_build1/analysis/analysis.json
absolute,matched_eight_arm,A,by_arm_condition_query_family,structured_memory_4096,,,delayed_probe,preference_change,,exact_match,41.67,,,,12,12,,,results/persona_joint_kimi_ab_a100_build1/analysis/analysis.json
absolute,matched_eight_arm,A,by_arm_condition_query_family,structured_memory_4096,,,delayed_probe,preference_change,,f1,41.67,,,,12,12,,,results/persona_joint_kimi_ab_a100_build1/analysis/analysis.json
absolute,matched_eight_arm,A,by_arm_condition_query_family,structured_memory_4096,,,delayed_probe,preference_incongruity,,exact_match,100.00,,,,12,12,,,results/persona_joint_kimi_ab_a100_build1/analysis/analysis.json
absolute,matched_eight_arm,A,by_arm_condition_query_family,structured_memory_4096,,,delayed_probe,preference_incongruity,,f1,100.00,,,,12,12,,,results/persona_joint_kimi_ab_a100_build1/analysis/analysis.json
absolute,matched_eight_arm,A,by_arm_condition_query_family,structured_memory_4096,,,post_update,preference_change,,exact_match,66.67,,,,12,12,,,results/persona_joint_kimi_ab_a100_build1/analysis/analysis.json
absolute,matched_eight_arm,A,by_arm_condition_query_family,structured_memory_4096,,,post_update,preference_change,,f1,70.00,,,,12,12,,,results/persona_joint_kimi_ab_a100_build1/analysis/analysis.json
absolute,matched_eight_arm,A,by_arm_condition_query_family,structured_memory_4096,,,post_update,preference_incongruity,,exact_match,66.67,,,,12,12,,,results/persona_joint_kimi_ab_a100_build1/analysis/analysis.json
absolute,matched_eight_arm,A,by_arm_condition_query_family,structured_memory_4096,,,post_update,preference_incongruity,,f1,79.17,,,,12,12,,,results/persona_joint_kimi_ab_a100_build1/analysis/analysis.json
absolute,matched_eight_arm,A,by_arm_condition_query_family,structured_memory_4096,,,pre_update,preference_change,,exact_match,91.67,,,,12,12,,,results/persona_joint_kimi_ab_a100_build1/analysis/analysis.json
absolute,matched_eight_arm,A,by_arm_condition_query_family,structured_memory_4096,,,pre_update,preference_change,,f1,91.67,,,,12,12,,,results/persona_joint_kimi_ab_a100_build1/analysis/analysis.json
absolute,matched_eight_arm,A,by_arm_condition_query_family,structured_memory_4096,,,pre_update,preference_incongruity,,exact_match,91.67,,,,12,12,,,results/persona_joint_kimi_ab_a100_build1/analysis/analysis.json
absolute,matched_eight_arm,A,by_arm_condition_query_family,structured_memory_4096,,,pre_update,preference_incongruity,,f1,91.67,,,,12,12,,,results/persona_joint_kimi_ab_a100_build1/analysis/analysis.json
absolute,matched_eight_arm,A,by_arm_condition_query_family,structured_memory_4096,,,token_distance_4096,preference_change,,exact_match,8.33,,,,12,12,,,results/persona_joint_kimi_ab_a100_build1/analysis/analysis.json
absolute,matched_eight_arm,A,by_arm_condition_query_family,structured_memory_4096,,,token_distance_4096,preference_change,,f1,12.50,,,,12,12,,,results/persona_joint_kimi_ab_a100_build1/analysis/analysis.json
absolute,matched_eight_arm,A,by_arm_condition_query_family,structured_memory_4096,,,token_distance_4096,preference_incongruity,,exact_match,66.67,,,,12,12,,,results/persona_joint_kimi_ab_a100_build1/analysis/analysis.json
absolute,matched_eight_arm,A,by_arm_condition_query_family,structured_memory_4096,,,token_distance_4096,preference_incongruity,,f1,66.67,,,,12,12,,,results/persona_joint_kimi_ab_a100_build1/analysis/analysis.json
absolute,matched_eight_arm,A,by_arm_condition_query_family,structured_memory_4096,,,token_distance_8192,preference_change,,exact_match,0.00,,,,12,12,,,results/persona_joint_kimi_ab_a100_build1/analysis/analysis.json
absolute,matched_eight_arm,A,by_arm_condition_query_family,structured_memory_4096,,,token_distance_8192,preference_change,,f1,0.00,,,,12,12,,,results/persona_joint_kimi_ab_a100_build1/analysis/analysis.json
absolute,matched_eight_arm,A,by_arm_condition_query_family,structured_memory_4096,,,token_distance_8192,preference_incongruity,,exact_match,91.67,,,,12,12,,,results/persona_joint_kimi_ab_a100_build1/analysis/analysis.json
absolute,matched_eight_arm,A,by_arm_condition_query_family,structured_memory_4096,,,token_distance_8192,preference_incongruity,,f1,91.67,,,,12,12,,,results/persona_joint_kimi_ab_a100_build1/analysis/analysis.json
absolute,matched_eight_arm,A,by_arm_query_family,graphiti_memory_16384,,,,preference_change,,exact_match,35.00,,,,60,12,,,results/persona_joint_kimi_ab_a100_build1/analysis/analysis.json
absolute,matched_eight_arm,A,by_arm_query_family,graphiti_memory_16384,,,,preference_change,,f1,35.00,,,,60,12,,,results/persona_joint_kimi_ab_a100_build1/analysis/analysis.json
absolute,matched_eight_arm,A,by_arm_query_family,graphiti_memory_16384,,,,preference_incongruity,,exact_match,70.00,,,,60,12,,,results/persona_joint_kimi_ab_a100_build1/analysis/analysis.json
absolute,matched_eight_arm,A,by_arm_query_family,graphiti_memory_16384,,,,preference_incongruity,,f1,80.83,,,,60,12,,,results/persona_joint_kimi_ab_a100_build1/analysis/analysis.json
absolute,matched_eight_arm,A,by_arm_query_family,graphiti_memory_4096,,,,preference_change,,exact_match,38.33,,,,60,12,,,results/persona_joint_kimi_ab_a100_build1/analysis/analysis.json
absolute,matched_eight_arm,A,by_arm_query_family,graphiti_memory_4096,,,,preference_change,,f1,39.83,,,,60,12,,,results/persona_joint_kimi_ab_a100_build1/analysis/analysis.json
absolute,matched_eight_arm,A,by_arm_query_family,graphiti_memory_4096,,,,preference_incongruity,,exact_match,43.33,,,,60,12,,,results/persona_joint_kimi_ab_a100_build1/analysis/analysis.json
absolute,matched_eight_arm,A,by_arm_query_family,graphiti_memory_4096,,,,preference_incongruity,,f1,54.72,,,,60,12,,,results/persona_joint_kimi_ab_a100_build1/analysis/analysis.json
absolute,matched_eight_arm,A,by_arm_query_family,hybrid_kg_memory_16384,,,,preference_change,,exact_match,45.00,,,,60,12,,,results/persona_joint_kimi_ab_a100_build1/analysis/analysis.json
absolute,matched_eight_arm,A,by_arm_query_family,hybrid_kg_memory_16384,,,,preference_change,,f1,46.14,,,,60,12,,,results/persona_joint_kimi_ab_a100_build1/analysis/analysis.json
absolute,matched_eight_arm,A,by_arm_query_family,hybrid_kg_memory_16384,,,,preference_incongruity,,exact_match,98.33,,,,60,12,,,results/persona_joint_kimi_ab_a100_build1/analysis/analysis.json
absolute,matched_eight_arm,A,by_arm_query_family,hybrid_kg_memory_16384,,,,preference_incongruity,,f1,99.00,,,,60,12,,,results/persona_joint_kimi_ab_a100_build1/analysis/analysis.json
absolute,matched_eight_arm,A,by_arm_query_family,hybrid_kg_memory_4096,,,,preference_change,,exact_match,40.00,,,,60,12,,,results/persona_joint_kimi_ab_a100_build1/analysis/analysis.json
absolute,matched_eight_arm,A,by_arm_query_family,hybrid_kg_memory_4096,,,,preference_change,,f1,43.50,,,,60,12,,,results/persona_joint_kimi_ab_a100_build1/analysis/analysis.json
absolute,matched_eight_arm,A,by_arm_query_family,hybrid_kg_memory_4096,,,,preference_incongruity,,exact_match,98.33,,,,60,12,,,results/persona_joint_kimi_ab_a100_build1/analysis/analysis.json
absolute,matched_eight_arm,A,by_arm_query_family,hybrid_kg_memory_4096,,,,preference_incongruity,,f1,98.89,,,,60,12,,,results/persona_joint_kimi_ab_a100_build1/analysis/analysis.json
absolute,matched_eight_arm,A,by_arm_query_family,sliding_context_16384,,,,preference_change,,exact_match,35.00,,,,60,12,,,results/persona_joint_kimi_ab_a100_build1/analysis/analysis.json
absolute,matched_eight_arm,A,by_arm_query_family,sliding_context_16384,,,,preference_change,,f1,35.67,,,,60,12,,,results/persona_joint_kimi_ab_a100_build1/analysis/analysis.json
absolute,matched_eight_arm,A,by_arm_query_family,sliding_context_16384,,,,preference_incongruity,,exact_match,65.00,,,,60,12,,,results/persona_joint_kimi_ab_a100_build1/analysis/analysis.json
absolute,matched_eight_arm,A,by_arm_query_family,sliding_context_16384,,,,preference_incongruity,,f1,75.61,,,,60,12,,,results/persona_joint_kimi_ab_a100_build1/analysis/analysis.json
absolute,matched_eight_arm,A,by_arm_query_family,sliding_context_4096,,,,preference_change,,exact_match,33.33,,,,60,12,,,results/persona_joint_kimi_ab_a100_build1/analysis/analysis.json
absolute,matched_eight_arm,A,by_arm_query_family,sliding_context_4096,,,,preference_change,,f1,34.83,,,,60,12,,,results/persona_joint_kimi_ab_a100_build1/analysis/analysis.json
absolute,matched_eight_arm,A,by_arm_query_family,sliding_context_4096,,,,preference_incongruity,,exact_match,31.67,,,,60,12,,,results/persona_joint_kimi_ab_a100_build1/analysis/analysis.json
absolute,matched_eight_arm,A,by_arm_query_family,sliding_context_4096,,,,preference_incongruity,,f1,36.83,,,,60,12,,,results/persona_joint_kimi_ab_a100_build1/analysis/analysis.json
absolute,matched_eight_arm,A,by_arm_query_family,structured_memory_16384,,,,preference_change,,exact_match,35.00,,,,60,12,,,results/persona_joint_kimi_ab_a100_build1/analysis/analysis.json
absolute,matched_eight_arm,A,by_arm_query_family,structured_memory_16384,,,,preference_change,,f1,35.67,,,,60,12,,,results/persona_joint_kimi_ab_a100_build1/analysis/analysis.json
absolute,matched_eight_arm,A,by_arm_query_family,structured_memory_16384,,,,preference_incongruity,,exact_match,86.67,,,,60,12,,,results/persona_joint_kimi_ab_a100_build1/analysis/analysis.json
absolute,matched_eight_arm,A,by_arm_query_family,structured_memory_16384,,,,preference_incongruity,,f1,92.33,,,,60,12,,,results/persona_joint_kimi_ab_a100_build1/analysis/analysis.json
absolute,matched_eight_arm,A,by_arm_query_family,structured_memory_4096,,,,preference_change,,exact_match,41.67,,,,60,12,,,results/persona_joint_kimi_ab_a100_build1/analysis/analysis.json
absolute,matched_eight_arm,A,by_arm_query_family,structured_memory_4096,,,,preference_change,,f1,43.17,,,,60,12,,,results/persona_joint_kimi_ab_a100_build1/analysis/analysis.json
absolute,matched_eight_arm,A,by_arm_query_family,structured_memory_4096,,,,preference_incongruity,,exact_match,83.33,,,,60,12,,,results/persona_joint_kimi_ab_a100_build1/analysis/analysis.json
absolute,matched_eight_arm,A,by_arm_query_family,structured_memory_4096,,,,preference_incongruity,,f1,85.83,,,,60,12,,,results/persona_joint_kimi_ab_a100_build1/analysis/analysis.json
absolute,matched_eight_arm,B,by_arm,graphiti_memory_16384,,,,,,exact_match,58.33,,,,120,12,,,results/persona_joint_kimi_ab_a100_build1/analysis/analysis.json
absolute,matched_eight_arm,B,by_arm,graphiti_memory_16384,,,,,,f1,61.64,,,,120,12,,,results/persona_joint_kimi_ab_a100_build1/analysis/analysis.json
absolute,matched_eight_arm,B,by_arm,graphiti_memory_4096,,,,,,exact_match,40.00,,,,120,12,,,results/persona_joint_kimi_ab_a100_build1/analysis/analysis.json
absolute,matched_eight_arm,B,by_arm,graphiti_memory_4096,,,,,,f1,48.15,,,,120,12,,,results/persona_joint_kimi_ab_a100_build1/analysis/analysis.json
absolute,matched_eight_arm,B,by_arm,hybrid_kg_memory_16384,,,,,,exact_match,66.67,,,,120,12,,,results/persona_joint_kimi_ab_a100_build1/analysis/analysis.json
absolute,matched_eight_arm,B,by_arm,hybrid_kg_memory_16384,,,,,,f1,67.92,,,,120,12,,,results/persona_joint_kimi_ab_a100_build1/analysis/analysis.json
absolute,matched_eight_arm,B,by_arm,hybrid_kg_memory_4096,,,,,,exact_match,65.83,,,,120,12,,,results/persona_joint_kimi_ab_a100_build1/analysis/analysis.json
absolute,matched_eight_arm,B,by_arm,hybrid_kg_memory_4096,,,,,,f1,68.86,,,,120,12,,,results/persona_joint_kimi_ab_a100_build1/analysis/analysis.json
absolute,matched_eight_arm,B,by_arm,sliding_context_16384,,,,,,exact_match,55.83,,,,120,12,,,results/persona_joint_kimi_ab_a100_build1/analysis/analysis.json
absolute,matched_eight_arm,B,by_arm,sliding_context_16384,,,,,,f1,59.19,,,,120,12,,,results/persona_joint_kimi_ab_a100_build1/analysis/analysis.json
absolute,matched_eight_arm,B,by_arm,sliding_context_4096,,,,,,exact_match,28.33,,,,120,12,,,results/persona_joint_kimi_ab_a100_build1/analysis/analysis.json
absolute,matched_eight_arm,B,by_arm,sliding_context_4096,,,,,,f1,31.44,,,,120,12,,,results/persona_joint_kimi_ab_a100_build1/analysis/analysis.json
absolute,matched_eight_arm,B,by_arm,structured_memory_16384,,,,,,exact_match,63.33,,,,120,12,,,results/persona_joint_kimi_ab_a100_build1/analysis/analysis.json
absolute,matched_eight_arm,B,by_arm,structured_memory_16384,,,,,,f1,65.19,,,,120,12,,,results/persona_joint_kimi_ab_a100_build1/analysis/analysis.json
absolute,matched_eight_arm,B,by_arm,structured_memory_4096,,,,,,exact_match,59.17,,,,120,12,,,results/persona_joint_kimi_ab_a100_build1/analysis/analysis.json
absolute,matched_eight_arm,B,by_arm,structured_memory_4096,,,,,,f1,61.03,,,,120,12,,,results/persona_joint_kimi_ab_a100_build1/analysis/analysis.json
absolute,matched_eight_arm,B,by_arm_condition,graphiti_memory_16384,,,delayed_probe,,,exact_match,25.00,,,,24,12,,,results/persona_joint_kimi_ab_a100_build1/analysis/analysis.json
absolute,matched_eight_arm,B,by_arm_condition,graphiti_memory_16384,,,delayed_probe,,,f1,31.25,,,,24,12,,,results/persona_joint_kimi_ab_a100_build1/analysis/analysis.json
absolute,matched_eight_arm,B,by_arm_condition,graphiti_memory_16384,,,post_update,,,exact_match,62.50,,,,24,12,,,results/persona_joint_kimi_ab_a100_build1/analysis/analysis.json
absolute,matched_eight_arm,B,by_arm_condition,graphiti_memory_16384,,,post_update,,,f1,68.33,,,,24,12,,,results/persona_joint_kimi_ab_a100_build1/analysis/analysis.json
absolute,matched_eight_arm,B,by_arm_condition,graphiti_memory_16384,,,pre_update,,,exact_match,91.67,,,,24,12,,,results/persona_joint_kimi_ab_a100_build1/analysis/analysis.json
absolute,matched_eight_arm,B,by_arm_condition,graphiti_memory_16384,,,pre_update,,,f1,91.67,,,,24,12,,,results/persona_joint_kimi_ab_a100_build1/analysis/analysis.json
absolute,matched_eight_arm,B,by_arm_condition,graphiti_memory_16384,,,token_distance_4096,,,exact_match,58.33,,,,24,12,,,results/persona_joint_kimi_ab_a100_build1/analysis/analysis.json
absolute,matched_eight_arm,B,by_arm_condition,graphiti_memory_16384,,,token_distance_4096,,,f1,59.72,,,,24,12,,,results/persona_joint_kimi_ab_a100_build1/analysis/analysis.json
absolute,matched_eight_arm,B,by_arm_condition,graphiti_memory_16384,,,token_distance_8192,,,exact_match,54.17,,,,24,12,,,results/persona_joint_kimi_ab_a100_build1/analysis/analysis.json
absolute,matched_eight_arm,B,by_arm_condition,graphiti_memory_16384,,,token_distance_8192,,,f1,57.22,,,,24,12,,,results/persona_joint_kimi_ab_a100_build1/analysis/analysis.json
absolute,matched_eight_arm,B,by_arm_condition,graphiti_memory_4096,,,delayed_probe,,,exact_match,25.00,,,,24,12,,,results/persona_joint_kimi_ab_a100_build1/analysis/analysis.json
absolute,matched_eight_arm,B,by_arm_condition,graphiti_memory_4096,,,delayed_probe,,,f1,35.71,,,,24,12,,,results/persona_joint_kimi_ab_a100_build1/analysis/analysis.json
absolute,matched_eight_arm,B,by_arm_condition,graphiti_memory_4096,,,post_update,,,exact_match,58.33,,,,24,12,,,results/persona_joint_kimi_ab_a100_build1/analysis/analysis.json
absolute,matched_eight_arm,B,by_arm_condition,graphiti_memory_4096,,,post_update,,,f1,64.58,,,,24,12,,,results/persona_joint_kimi_ab_a100_build1/analysis/analysis.json
absolute,matched_eight_arm,B,by_arm_condition,graphiti_memory_4096,,,pre_update,,,exact_match,79.17,,,,24,12,,,results/persona_joint_kimi_ab_a100_build1/analysis/analysis.json
absolute,matched_eight_arm,B,by_arm_condition,graphiti_memory_4096,,,pre_update,,,f1,80.83,,,,24,12,,,results/persona_joint_kimi_ab_a100_build1/analysis/analysis.json
absolute,matched_eight_arm,B,by_arm_condition,graphiti_memory_4096,,,token_distance_4096,,,exact_match,12.50,,,,24,12,,,results/persona_joint_kimi_ab_a100_build1/analysis/analysis.json
absolute,matched_eight_arm,B,by_arm_condition,graphiti_memory_4096,,,token_distance_4096,,,f1,24.31,,,,24,12,,,results/persona_joint_kimi_ab_a100_build1/analysis/analysis.json
absolute,matched_eight_arm,B,by_arm_condition,graphiti_memory_4096,,,token_distance_8192,,,exact_match,25.00,,,,24,12,,,results/persona_joint_kimi_ab_a100_build1/analysis/analysis.json
absolute,matched_eight_arm,B,by_arm_condition,graphiti_memory_4096,,,token_distance_8192,,,f1,35.30,,,,24,12,,,results/persona_joint_kimi_ab_a100_build1/analysis/analysis.json
absolute,matched_eight_arm,B,by_arm_condition,hybrid_kg_memory_16384,,,delayed_probe,,,exact_match,41.67,,,,24,12,,,results/persona_joint_kimi_ab_a100_build1/analysis/analysis.json
absolute,matched_eight_arm,B,by_arm_condition,hybrid_kg_memory_16384,,,delayed_probe,,,f1,45.83,,,,24,12,,,results/persona_joint_kimi_ab_a100_build1/analysis/analysis.json
absolute,matched_eight_arm,B,by_arm_condition,hybrid_kg_memory_16384,,,post_update,,,exact_match,100.00,,,,24,12,,,results/persona_joint_kimi_ab_a100_build1/analysis/analysis.json
absolute,matched_eight_arm,B,by_arm_condition,hybrid_kg_memory_16384,,,post_update,,,f1,100.00,,,,24,12,,,results/persona_joint_kimi_ab_a100_build1/analysis/analysis.json
absolute,matched_eight_arm,B,by_arm_condition,hybrid_kg_memory_16384,,,pre_update,,,exact_match,62.50,,,,24,12,,,results/persona_joint_kimi_ab_a100_build1/analysis/analysis.json
absolute,matched_eight_arm,B,by_arm_condition,hybrid_kg_memory_16384,,,pre_update,,,f1,62.50,,,,24,12,,,results/persona_joint_kimi_ab_a100_build1/analysis/analysis.json
absolute,matched_eight_arm,B,by_arm_condition,hybrid_kg_memory_16384,,,token_distance_4096,,,exact_match,70.83,,,,24,12,,,results/persona_joint_kimi_ab_a100_build1/analysis/analysis.json
absolute,matched_eight_arm,B,by_arm_condition,hybrid_kg_memory_16384,,,token_distance_4096,,,f1,70.83,,,,24,12,,,results/persona_joint_kimi_ab_a100_build1/analysis/analysis.json
absolute,matched_eight_arm,B,by_arm_condition,hybrid_kg_memory_16384,,,token_distance_8192,,,exact_match,58.33,,,,24,12,,,results/persona_joint_kimi_ab_a100_build1/analysis/analysis.json
absolute,matched_eight_arm,B,by_arm_condition,hybrid_kg_memory_16384,,,token_distance_8192,,,f1,60.42,,,,24,12,,,results/persona_joint_kimi_ab_a100_build1/analysis/analysis.json
absolute,matched_eight_arm,B,by_arm_condition,hybrid_kg_memory_4096,,,delayed_probe,,,exact_match,50.00,,,,24,12,,,results/persona_joint_kimi_ab_a100_build1/analysis/analysis.json
absolute,matched_eight_arm,B,by_arm_condition,hybrid_kg_memory_4096,,,delayed_probe,,,f1,52.08,,,,24,12,,,results/persona_joint_kimi_ab_a100_build1/analysis/analysis.json
absolute,matched_eight_arm,B,by_arm_condition,hybrid_kg_memory_4096,,,post_update,,,exact_match,100.00,,,,24,12,,,results/persona_joint_kimi_ab_a100_build1/analysis/analysis.json
absolute,matched_eight_arm,B,by_arm_condition,hybrid_kg_memory_4096,,,post_update,,,f1,100.00,,,,24,12,,,results/persona_joint_kimi_ab_a100_build1/analysis/analysis.json
absolute,matched_eight_arm,B,by_arm_condition,hybrid_kg_memory_4096,,,pre_update,,,exact_match,66.67,,,,24,12,,,results/persona_joint_kimi_ab_a100_build1/analysis/analysis.json
absolute,matched_eight_arm,B,by_arm_condition,hybrid_kg_memory_4096,,,pre_update,,,f1,66.67,,,,24,12,,,results/persona_joint_kimi_ab_a100_build1/analysis/analysis.json
absolute,matched_eight_arm,B,by_arm_condition,hybrid_kg_memory_4096,,,token_distance_4096,,,exact_match,58.33,,,,24,12,,,results/persona_joint_kimi_ab_a100_build1/analysis/analysis.json
absolute,matched_eight_arm,B,by_arm_condition,hybrid_kg_memory_4096,,,token_distance_4096,,,f1,65.56,,,,24,12,,,results/persona_joint_kimi_ab_a100_build1/analysis/analysis.json
absolute,matched_eight_arm,B,by_arm_condition,hybrid_kg_memory_4096,,,token_distance_8192,,,exact_match,54.17,,,,24,12,,,results/persona_joint_kimi_ab_a100_build1/analysis/analysis.json
absolute,matched_eight_arm,B,by_arm_condition,hybrid_kg_memory_4096,,,token_distance_8192,,,f1,60.00,,,,24,12,,,results/persona_joint_kimi_ab_a100_build1/analysis/analysis.json
absolute,matched_eight_arm,B,by_arm_condition,sliding_context_16384,,,delayed_probe,,,exact_match,20.83,,,,24,12,,,results/persona_joint_kimi_ab_a100_build1/analysis/analysis.json
absolute,matched_eight_arm,B,by_arm_condition,sliding_context_16384,,,delayed_probe,,,f1,25.00,,,,24,12,,,results/persona_joint_kimi_ab_a100_build1/analysis/analysis.json
absolute,matched_eight_arm,B,by_arm_condition,sliding_context_16384,,,post_update,,,exact_match,66.67,,,,24,12,,,results/persona_joint_kimi_ab_a100_build1/analysis/analysis.json
absolute,matched_eight_arm,B,by_arm_condition,sliding_context_16384,,,post_update,,,f1,68.33,,,,24,12,,,results/persona_joint_kimi_ab_a100_build1/analysis/analysis.json
absolute,matched_eight_arm,B,by_arm_condition,sliding_context_16384,,,pre_update,,,exact_match,95.83,,,,24,12,,,results/persona_joint_kimi_ab_a100_build1/analysis/analysis.json
absolute,matched_eight_arm,B,by_arm_condition,sliding_context_16384,,,pre_update,,,f1,95.83,,,,24,12,,,results/persona_joint_kimi_ab_a100_build1/analysis/analysis.json
absolute,matched_eight_arm,B,by_arm_condition,sliding_context_16384,,,token_distance_4096,,,exact_match,45.83,,,,24,12,,,results/persona_joint_kimi_ab_a100_build1/analysis/analysis.json
absolute,matched_eight_arm,B,by_arm_condition,sliding_context_16384,,,token_distance_4096,,,f1,53.06,,,,24,12,,,results/persona_joint_kimi_ab_a100_build1/analysis/analysis.json
absolute,matched_eight_arm,B,by_arm_condition,sliding_context_16384,,,token_distance_8192,,,exact_match,50.00,,,,24,12,,,results/persona_joint_kimi_ab_a100_build1/analysis/analysis.json
absolute,matched_eight_arm,B,by_arm_condition,sliding_context_16384,,,token_distance_8192,,,f1,53.75,,,,24,12,,,results/persona_joint_kimi_ab_a100_build1/analysis/analysis.json
absolute,matched_eight_arm,B,by_arm_condition,sliding_context_4096,,,delayed_probe,,,exact_match,0.00,,,,24,12,,,results/persona_joint_kimi_ab_a100_build1/analysis/analysis.json
absolute,matched_eight_arm,B,by_arm_condition,sliding_context_4096,,,delayed_probe,,,f1,0.00,,,,24,12,,,results/persona_joint_kimi_ab_a100_build1/analysis/analysis.json
absolute,matched_eight_arm,B,by_arm_condition,sliding_context_4096,,,post_update,,,exact_match,62.50,,,,24,12,,,results/persona_joint_kimi_ab_a100_build1/analysis/analysis.json
absolute,matched_eight_arm,B,by_arm_condition,sliding_context_4096,,,post_update,,,f1,66.67,,,,24,12,,,results/persona_joint_kimi_ab_a100_build1/analysis/analysis.json
absolute,matched_eight_arm,B,by_arm_condition,sliding_context_4096,,,pre_update,,,exact_match,79.17,,,,24,12,,,results/persona_joint_kimi_ab_a100_build1/analysis/analysis.json
absolute,matched_eight_arm,B,by_arm_condition,sliding_context_4096,,,pre_update,,,f1,79.17,,,,24,12,,,results/persona_joint_kimi_ab_a100_build1/analysis/analysis.json
absolute,matched_eight_arm,B,by_arm_condition,sliding_context_4096,,,token_distance_4096,,,exact_match,0.00,,,,24,12,,,results/persona_joint_kimi_ab_a100_build1/analysis/analysis.json
absolute,matched_eight_arm,B,by_arm_condition,sliding_context_4096,,,token_distance_4096,,,f1,7.22,,,,24,12,,,results/persona_joint_kimi_ab_a100_build1/analysis/analysis.json
absolute,matched_eight_arm,B,by_arm_condition,sliding_context_4096,,,token_distance_8192,,,exact_match,0.00,,,,24,12,,,results/persona_joint_kimi_ab_a100_build1/analysis/analysis.json
absolute,matched_eight_arm,B,by_arm_condition,sliding_context_4096,,,token_distance_8192,,,f1,4.17,,,,24,12,,,results/persona_joint_kimi_ab_a100_build1/analysis/analysis.json
absolute,matched_eight_arm,B,by_arm_condition,structured_memory_16384,,,delayed_probe,,,exact_match,45.83,,,,24,12,,,results/persona_joint_kimi_ab_a100_build1/analysis/analysis.json
absolute,matched_eight_arm,B,by_arm_condition,structured_memory_16384,,,delayed_probe,,,f1,47.92,,,,24,12,,,results/persona_joint_kimi_ab_a100_build1/analysis/analysis.json
absolute,matched_eight_arm,B,by_arm_condition,structured_memory_16384,,,post_update,,,exact_match,66.67,,,,24,12,,,results/persona_joint_kimi_ab_a100_build1/analysis/analysis.json
absolute,matched_eight_arm,B,by_arm_condition,structured_memory_16384,,,post_update,,,f1,68.33,,,,24,12,,,results/persona_joint_kimi_ab_a100_build1/analysis/analysis.json
absolute,matched_eight_arm,B,by_arm_condition,structured_memory_16384,,,pre_update,,,exact_match,95.83,,,,24,12,,,results/persona_joint_kimi_ab_a100_build1/analysis/analysis.json
absolute,matched_eight_arm,B,by_arm_condition,structured_memory_16384,,,pre_update,,,f1,95.83,,,,24,12,,,results/persona_joint_kimi_ab_a100_build1/analysis/analysis.json
absolute,matched_eight_arm,B,by_arm_condition,structured_memory_16384,,,token_distance_4096,,,exact_match,54.17,,,,24,12,,,results/persona_joint_kimi_ab_a100_build1/analysis/analysis.json
absolute,matched_eight_arm,B,by_arm_condition,structured_memory_16384,,,token_distance_4096,,,f1,57.64,,,,24,12,,,results/persona_joint_kimi_ab_a100_build1/analysis/analysis.json
absolute,matched_eight_arm,B,by_arm_condition,structured_memory_16384,,,token_distance_8192,,,exact_match,54.17,,,,24,12,,,results/persona_joint_kimi_ab_a100_build1/analysis/analysis.json
absolute,matched_eight_arm,B,by_arm_condition,structured_memory_16384,,,token_distance_8192,,,f1,56.25,,,,24,12,,,results/persona_joint_kimi_ab_a100_build1/analysis/analysis.json
absolute,matched_eight_arm,B,by_arm_condition,structured_memory_4096,,,delayed_probe,,,exact_match,75.00,,,,24,12,,,results/persona_joint_kimi_ab_a100_build1/analysis/analysis.json
absolute,matched_eight_arm,B,by_arm_condition,structured_memory_4096,,,delayed_probe,,,f1,75.00,,,,24,12,,,results/persona_joint_kimi_ab_a100_build1/analysis/analysis.json
absolute,matched_eight_arm,B,by_arm_condition,structured_memory_4096,,,post_update,,,exact_match,62.50,,,,24,12,,,results/persona_joint_kimi_ab_a100_build1/analysis/analysis.json
absolute,matched_eight_arm,B,by_arm_condition,structured_memory_4096,,,post_update,,,f1,66.67,,,,24,12,,,results/persona_joint_kimi_ab_a100_build1/analysis/analysis.json
absolute,matched_eight_arm,B,by_arm_condition,structured_memory_4096,,,pre_update,,,exact_match,79.17,,,,24,12,,,results/persona_joint_kimi_ab_a100_build1/analysis/analysis.json
absolute,matched_eight_arm,B,by_arm_condition,structured_memory_4096,,,pre_update,,,f1,79.17,,,,24,12,,,results/persona_joint_kimi_ab_a100_build1/analysis/analysis.json
absolute,matched_eight_arm,B,by_arm_condition,structured_memory_4096,,,token_distance_4096,,,exact_match,33.33,,,,24,12,,,results/persona_joint_kimi_ab_a100_build1/analysis/analysis.json
absolute,matched_eight_arm,B,by_arm_condition,structured_memory_4096,,,token_distance_4096,,,f1,36.39,,,,24,12,,,results/persona_joint_kimi_ab_a100_build1/analysis/analysis.json
absolute,matched_eight_arm,B,by_arm_condition,structured_memory_4096,,,token_distance_8192,,,exact_match,45.83,,,,24,12,,,results/persona_joint_kimi_ab_a100_build1/analysis/analysis.json
absolute,matched_eight_arm,B,by_arm_condition,structured_memory_4096,,,token_distance_8192,,,f1,47.92,,,,24,12,,,results/persona_joint_kimi_ab_a100_build1/analysis/analysis.json
absolute,matched_eight_arm,B,by_arm_condition_query_family,graphiti_memory_16384,,,delayed_probe,preference_change,,exact_match,0.00,,,,12,12,,,results/persona_joint_kimi_ab_a100_build1/analysis/analysis.json
absolute,matched_eight_arm,B,by_arm_condition_query_family,graphiti_memory_16384,,,delayed_probe,preference_change,,f1,0.00,,,,12,12,,,results/persona_joint_kimi_ab_a100_build1/analysis/analysis.json
absolute,matched_eight_arm,B,by_arm_condition_query_family,graphiti_memory_16384,,,delayed_probe,preference_incongruity,,exact_match,50.00,,,,12,12,,,results/persona_joint_kimi_ab_a100_build1/analysis/analysis.json
absolute,matched_eight_arm,B,by_arm_condition_query_family,graphiti_memory_16384,,,delayed_probe,preference_incongruity,,f1,62.50,,,,12,12,,,results/persona_joint_kimi_ab_a100_build1/analysis/analysis.json
absolute,matched_eight_arm,B,by_arm_condition_query_family,graphiti_memory_16384,,,post_update,preference_change,,exact_match,41.67,,,,12,12,,,results/persona_joint_kimi_ab_a100_build1/analysis/analysis.json
absolute,matched_eight_arm,B,by_arm_condition_query_family,graphiti_memory_16384,,,post_update,preference_change,,f1,45.83,,,,12,12,,,results/persona_joint_kimi_ab_a100_build1/analysis/analysis.json
absolute,matched_eight_arm,B,by_arm_condition_query_family,graphiti_memory_16384,,,post_update,preference_incongruity,,exact_match,83.33,,,,12,12,,,results/persona_joint_kimi_ab_a100_build1/analysis/analysis.json
absolute,matched_eight_arm,B,by_arm_condition_query_family,graphiti_memory_16384,,,post_update,preference_incongruity,,f1,90.83,,,,12,12,,,results/persona_joint_kimi_ab_a100_build1/analysis/analysis.json
absolute,matched_eight_arm,B,by_arm_condition_query_family,graphiti_memory_16384,,,pre_update,preference_change,,exact_match,83.33,,,,12,12,,,results/persona_joint_kimi_ab_a100_build1/analysis/analysis.json
absolute,matched_eight_arm,B,by_arm_condition_query_family,graphiti_memory_16384,,,pre_update,preference_change,,f1,83.33,,,,12,12,,,results/persona_joint_kimi_ab_a100_build1/analysis/analysis.json
absolute,matched_eight_arm,B,by_arm_condition_query_family,graphiti_memory_16384,,,pre_update,preference_incongruity,,exact_match,100.00,,,,12,12,,,results/persona_joint_kimi_ab_a100_build1/analysis/analysis.json
absolute,matched_eight_arm,B,by_arm_condition_query_family,graphiti_memory_16384,,,pre_update,preference_incongruity,,f1,100.00,,,,12,12,,,results/persona_joint_kimi_ab_a100_build1/analysis/analysis.json
absolute,matched_eight_arm,B,by_arm_condition_query_family,graphiti_memory_16384,,,token_distance_4096,preference_change,,exact_match,16.67,,,,12,12,,,results/persona_joint_kimi_ab_a100_build1/analysis/analysis.json
absolute,matched_eight_arm,B,by_arm_condition_query_family,graphiti_memory_16384,,,token_distance_4096,preference_change,,f1,19.44,,,,12,12,,,results/persona_joint_kimi_ab_a100_build1/analysis/analysis.json
absolute,matched_eight_arm,B,by_arm_condition_query_family,graphiti_memory_16384,,,token_distance_4096,preference_incongruity,,exact_match,100.00,,,,12,12,,,results/persona_joint_kimi_ab_a100_build1/analysis/analysis.json
absolute,matched_eight_arm,B,by_arm_condition_query_family,graphiti_memory_16384,,,token_distance_4096,preference_incongruity,,f1,100.00,,,,12,12,,,results/persona_joint_kimi_ab_a100_build1/analysis/analysis.json
absolute,matched_eight_arm,B,by_arm_condition_query_family,graphiti_memory_16384,,,token_distance_8192,preference_change,,exact_match,8.33,,,,12,12,,,results/persona_joint_kimi_ab_a100_build1/analysis/analysis.json
absolute,matched_eight_arm,B,by_arm_condition_query_family,graphiti_memory_16384,,,token_distance_8192,preference_change,,f1,14.44,,,,12,12,,,results/persona_joint_kimi_ab_a100_build1/analysis/analysis.json
absolute,matched_eight_arm,B,by_arm_condition_query_family,graphiti_memory_16384,,,token_distance_8192,preference_incongruity,,exact_match,100.00,,,,12,12,,,results/persona_joint_kimi_ab_a100_build1/analysis/analysis.json
absolute,matched_eight_arm,B,by_arm_condition_query_family,graphiti_memory_16384,,,token_distance_8192,preference_incongruity,,f1,100.00,,,,12,12,,,results/persona_joint_kimi_ab_a100_build1/analysis/analysis.json
absolute,matched_eight_arm,B,by_arm_condition_query_family,graphiti_memory_4096,,,delayed_probe,preference_change,,exact_match,0.00,,,,12,12,,,results/persona_joint_kimi_ab_a100_build1/analysis/analysis.json
absolute,matched_eight_arm,B,by_arm_condition_query_family,graphiti_memory_4096,,,delayed_probe,preference_change,,f1,0.00,,,,12,12,,,results/persona_joint_kimi_ab_a100_build1/analysis/analysis.json
absolute,matched_eight_arm,B,by_arm_condition_query_family,graphiti_memory_4096,,,delayed_probe,preference_incongruity,,exact_match,50.00,,,,12,12,,,results/persona_joint_kimi_ab_a100_build1/analysis/analysis.json
absolute,matched_eight_arm,B,by_arm_condition_query_family,graphiti_memory_4096,,,delayed_probe,preference_incongruity,,f1,71.43,,,,12,12,,,results/persona_joint_kimi_ab_a100_build1/analysis/analysis.json
absolute,matched_eight_arm,B,by_arm_condition_query_family,graphiti_memory_4096,,,post_update,preference_change,,exact_match,41.67,,,,12,12,,,results/persona_joint_kimi_ab_a100_build1/analysis/analysis.json
absolute,matched_eight_arm,B,by_arm_condition_query_family,graphiti_memory_4096,,,post_update,preference_change,,f1,45.83,,,,12,12,,,results/persona_joint_kimi_ab_a100_build1/analysis/analysis.json
absolute,matched_eight_arm,B,by_arm_condition_query_family,graphiti_memory_4096,,,post_update,preference_incongruity,,exact_match,75.00,,,,12,12,,,results/persona_joint_kimi_ab_a100_build1/analysis/analysis.json
absolute,matched_eight_arm,B,by_arm_condition_query_family,graphiti_memory_4096,,,post_update,preference_incongruity,,f1,83.33,,,,12,12,,,results/persona_joint_kimi_ab_a100_build1/analysis/analysis.json
absolute,matched_eight_arm,B,by_arm_condition_query_family,graphiti_memory_4096,,,pre_update,preference_change,,exact_match,75.00,,,,12,12,,,results/persona_joint_kimi_ab_a100_build1/analysis/analysis.json
absolute,matched_eight_arm,B,by_arm_condition_query_family,graphiti_memory_4096,,,pre_update,preference_change,,f1,75.00,,,,12,12,,,results/persona_joint_kimi_ab_a100_build1/analysis/analysis.json
absolute,matched_eight_arm,B,by_arm_condition_query_family,graphiti_memory_4096,,,pre_update,preference_incongruity,,exact_match,83.33,,,,12,12,,,results/persona_joint_kimi_ab_a100_build1/analysis/analysis.json
absolute,matched_eight_arm,B,by_arm_condition_query_family,graphiti_memory_4096,,,pre_update,preference_incongruity,,f1,86.67,,,,12,12,,,results/persona_joint_kimi_ab_a100_build1/analysis/analysis.json
absolute,matched_eight_arm,B,by_arm_condition_query_family,graphiti_memory_4096,,,token_distance_4096,preference_change,,exact_match,8.33,,,,12,12,,,results/persona_joint_kimi_ab_a100_build1/analysis/analysis.json
absolute,matched_eight_arm,B,by_arm_condition_query_family,graphiti_memory_4096,,,token_distance_4096,preference_change,,f1,11.11,,,,12,12,,,results/persona_joint_kimi_ab_a100_build1/analysis/analysis.json
absolute,matched_eight_arm,B,by_arm_condition_query_family,graphiti_memory_4096,,,token_distance_4096,preference_incongruity,,exact_match,16.67,,,,12,12,,,results/persona_joint_kimi_ab_a100_build1/analysis/analysis.json
absolute,matched_eight_arm,B,by_arm_condition_query_family,graphiti_memory_4096,,,token_distance_4096,preference_incongruity,,f1,37.50,,,,12,12,,,results/persona_joint_kimi_ab_a100_build1/analysis/analysis.json
absolute,matched_eight_arm,B,by_arm_condition_query_family,graphiti_memory_4096,,,token_distance_8192,preference_change,,exact_match,0.00,,,,12,12,,,results/persona_joint_kimi_ab_a100_build1/analysis/analysis.json
absolute,matched_eight_arm,B,by_arm_condition_query_family,graphiti_memory_4096,,,token_distance_8192,preference_change,,f1,0.00,,,,12,12,,,results/persona_joint_kimi_ab_a100_build1/analysis/analysis.json
absolute,matched_eight_arm,B,by_arm_condition_query_family,graphiti_memory_4096,,,token_distance_8192,preference_incongruity,,exact_match,50.00,,,,12,12,,,results/persona_joint_kimi_ab_a100_build1/analysis/analysis.json
absolute,matched_eight_arm,B,by_arm_condition_query_family,graphiti_memory_4096,,,token_distance_8192,preference_incongruity,,f1,70.60,,,,12,12,,,results/persona_joint_kimi_ab_a100_build1/analysis/analysis.json
absolute,matched_eight_arm,B,by_arm_condition_query_family,hybrid_kg_memory_16384,,,delayed_probe,preference_change,,exact_match,0.00,,,,12,12,,,results/persona_joint_kimi_ab_a100_build1/analysis/analysis.json
absolute,matched_eight_arm,B,by_arm_condition_query_family,hybrid_kg_memory_16384,,,delayed_probe,preference_change,,f1,0.00,,,,12,12,,,results/persona_joint_kimi_ab_a100_build1/analysis/analysis.json
absolute,matched_eight_arm,B,by_arm_condition_query_family,hybrid_kg_memory_16384,,,delayed_probe,preference_incongruity,,exact_match,83.33,,,,12,12,,,results/persona_joint_kimi_ab_a100_build1/analysis/analysis.json
absolute,matched_eight_arm,B,by_arm_condition_query_family,hybrid_kg_memory_16384,,,delayed_probe,preference_incongruity,,f1,91.67,,,,12,12,,,results/persona_joint_kimi_ab_a100_build1/analysis/analysis.json
absolute,matched_eight_arm,B,by_arm_condition_query_family,hybrid_kg_memory_16384,,,post_update,preference_change,,exact_match,100.00,,,,12,12,,,results/persona_joint_kimi_ab_a100_build1/analysis/analysis.json
absolute,matched_eight_arm,B,by_arm_condition_query_family,hybrid_kg_memory_16384,,,post_update,preference_change,,f1,100.00,,,,12,12,,,results/persona_joint_kimi_ab_a100_build1/analysis/analysis.json
absolute,matched_eight_arm,B,by_arm_condition_query_family,hybrid_kg_memory_16384,,,post_update,preference_incongruity,,exact_match,100.00,,,,12,12,,,results/persona_joint_kimi_ab_a100_build1/analysis/analysis.json
absolute,matched_eight_arm,B,by_arm_condition_query_family,hybrid_kg_memory_16384,,,post_update,preference_incongruity,,f1,100.00,,,,12,12,,,results/persona_joint_kimi_ab_a100_build1/analysis/analysis.json
absolute,matched_eight_arm,B,by_arm_condition_query_family,hybrid_kg_memory_16384,,,pre_update,preference_change,,exact_match,33.33,,,,12,12,,,results/persona_joint_kimi_ab_a100_build1/analysis/analysis.json
absolute,matched_eight_arm,B,by_arm_condition_query_family,hybrid_kg_memory_16384,,,pre_update,preference_change,,f1,33.33,,,,12,12,,,results/persona_joint_kimi_ab_a100_build1/analysis/analysis.json
absolute,matched_eight_arm,B,by_arm_condition_query_family,hybrid_kg_memory_16384,,,pre_update,preference_incongruity,,exact_match,91.67,,,,12,12,,,results/persona_joint_kimi_ab_a100_build1/analysis/analysis.json
absolute,matched_eight_arm,B,by_arm_condition_query_family,hybrid_kg_memory_16384,,,pre_update,preference_incongruity,,f1,91.67,,,,12,12,,,results/persona_joint_kimi_ab_a100_build1/analysis/analysis.json
absolute,matched_eight_arm,B,by_arm_condition_query_family,hybrid_kg_memory_16384,,,token_distance_4096,preference_change,,exact_match,41.67,,,,12,12,,,results/persona_joint_kimi_ab_a100_build1/analysis/analysis.json
absolute,matched_eight_arm,B,by_arm_condition_query_family,hybrid_kg_memory_16384,,,token_distance_4096,preference_change,,f1,41.67,,,,12,12,,,results/persona_joint_kimi_ab_a100_build1/analysis/analysis.json
absolute,matched_eight_arm,B,by_arm_condition_query_family,hybrid_kg_memory_16384,,,token_distance_4096,preference_incongruity,,exact_match,100.00,,,,12,12,,,results/persona_joint_kimi_ab_a100_build1/analysis/analysis.json
absolute,matched_eight_arm,B,by_arm_condition_query_family,hybrid_kg_memory_16384,,,token_distance_4096,preference_incongruity,,f1,100.00,,,,12,12,,,results/persona_joint_kimi_ab_a100_build1/analysis/analysis.json
absolute,matched_eight_arm,B,by_arm_condition_query_family,hybrid_kg_memory_16384,,,token_distance_8192,preference_change,,exact_match,16.67,,,,12,12,,,results/persona_joint_kimi_ab_a100_build1/analysis/analysis.json
absolute,matched_eight_arm,B,by_arm_condition_query_family,hybrid_kg_memory_16384,,,token_distance_8192,preference_change,,f1,20.83,,,,12,12,,,results/persona_joint_kimi_ab_a100_build1/analysis/analysis.json
absolute,matched_eight_arm,B,by_arm_condition_query_family,hybrid_kg_memory_16384,,,token_distance_8192,preference_incongruity,,exact_match,100.00,,,,12,12,,,results/persona_joint_kimi_ab_a100_build1/analysis/analysis.json
absolute,matched_eight_arm,B,by_arm_condition_query_family,hybrid_kg_memory_16384,,,token_distance_8192,preference_incongruity,,f1,100.00,,,,12,12,,,results/persona_joint_kimi_ab_a100_build1/analysis/analysis.json
absolute,matched_eight_arm,B,by_arm_condition_query_family,hybrid_kg_memory_4096,,,delayed_probe,preference_change,,exact_match,8.33,,,,12,12,,,results/persona_joint_kimi_ab_a100_build1/analysis/analysis.json
absolute,matched_eight_arm,B,by_arm_condition_query_family,hybrid_kg_memory_4096,,,delayed_probe,preference_change,,f1,8.33,,,,12,12,,,results/persona_joint_kimi_ab_a100_build1/analysis/analysis.json
absolute,matched_eight_arm,B,by_arm_condition_query_family,hybrid_kg_memory_4096,,,delayed_probe,preference_incongruity,,exact_match,91.67,,,,12,12,,,results/persona_joint_kimi_ab_a100_build1/analysis/analysis.json
absolute,matched_eight_arm,B,by_arm_condition_query_family,hybrid_kg_memory_4096,,,delayed_probe,preference_incongruity,,f1,95.83,,,,12,12,,,results/persona_joint_kimi_ab_a100_build1/analysis/analysis.json
absolute,matched_eight_arm,B,by_arm_condition_query_family,hybrid_kg_memory_4096,,,post_update,preference_change,,exact_match,100.00,,,,12,12,,,results/persona_joint_kimi_ab_a100_build1/analysis/analysis.json
absolute,matched_eight_arm,B,by_arm_condition_query_family,hybrid_kg_memory_4096,,,post_update,preference_change,,f1,100.00,,,,12,12,,,results/persona_joint_kimi_ab_a100_build1/analysis/analysis.json
absolute,matched_eight_arm,B,by_arm_condition_query_family,hybrid_kg_memory_4096,,,post_update,preference_incongruity,,exact_match,100.00,,,,12,12,,,results/persona_joint_kimi_ab_a100_build1/analysis/analysis.json
absolute,matched_eight_arm,B,by_arm_condition_query_family,hybrid_kg_memory_4096,,,post_update,preference_incongruity,,f1,100.00,,,,12,12,,,results/persona_joint_kimi_ab_a100_build1/analysis/analysis.json
absolute,matched_eight_arm,B,by_arm_condition_query_family,hybrid_kg_memory_4096,,,pre_update,preference_change,,exact_match,41.67,,,,12,12,,,results/persona_joint_kimi_ab_a100_build1/analysis/analysis.json
absolute,matched_eight_arm,B,by_arm_condition_query_family,hybrid_kg_memory_4096,,,pre_update,preference_change,,f1,41.67,,,,12,12,,,results/persona_joint_kimi_ab_a100_build1/analysis/analysis.json
absolute,matched_eight_arm,B,by_arm_condition_query_family,hybrid_kg_memory_4096,,,pre_update,preference_incongruity,,exact_match,91.67,,,,12,12,,,results/persona_joint_kimi_ab_a100_build1/analysis/analysis.json
absolute,matched_eight_arm,B,by_arm_condition_query_family,hybrid_kg_memory_4096,,,pre_update,preference_incongruity,,f1,91.67,,,,12,12,,,results/persona_joint_kimi_ab_a100_build1/analysis/analysis.json
absolute,matched_eight_arm,B,by_arm_condition_query_family,hybrid_kg_memory_4096,,,token_distance_4096,preference_change,,exact_match,25.00,,,,12,12,,,results/persona_joint_kimi_ab_a100_build1/analysis/analysis.json
absolute,matched_eight_arm,B,by_arm_condition_query_family,hybrid_kg_memory_4096,,,token_distance_4096,preference_change,,f1,39.44,,,,12,12,,,results/persona_joint_kimi_ab_a100_build1/analysis/analysis.json
absolute,matched_eight_arm,B,by_arm_condition_query_family,hybrid_kg_memory_4096,,,token_distance_4096,preference_incongruity,,exact_match,91.67,,,,12,12,,,results/persona_joint_kimi_ab_a100_build1/analysis/analysis.json
absolute,matched_eight_arm,B,by_arm_condition_query_family,hybrid_kg_memory_4096,,,token_distance_4096,preference_incongruity,,f1,91.67,,,,12,12,,,results/persona_joint_kimi_ab_a100_build1/analysis/analysis.json
absolute,matched_eight_arm,B,by_arm_condition_query_family,hybrid_kg_memory_4096,,,token_distance_8192,preference_change,,exact_match,16.67,,,,12,12,,,results/persona_joint_kimi_ab_a100_build1/analysis/analysis.json
absolute,matched_eight_arm,B,by_arm_condition_query_family,hybrid_kg_memory_4096,,,token_distance_8192,preference_change,,f1,24.17,,,,12,12,,,results/persona_joint_kimi_ab_a100_build1/analysis/analysis.json
absolute,matched_eight_arm,B,by_arm_condition_query_family,hybrid_kg_memory_4096,,,token_distance_8192,preference_incongruity,,exact_match,91.67,,,,12,12,,,results/persona_joint_kimi_ab_a100_build1/analysis/analysis.json
absolute,matched_eight_arm,B,by_arm_condition_query_family,hybrid_kg_memory_4096,,,token_distance_8192,preference_incongruity,,f1,95.83,,,,12,12,,,results/persona_joint_kimi_ab_a100_build1/analysis/analysis.json
absolute,matched_eight_arm,B,by_arm_condition_query_family,sliding_context_16384,,,delayed_probe,preference_change,,exact_match,0.00,,,,12,12,,,results/persona_joint_kimi_ab_a100_build1/analysis/analysis.json
absolute,matched_eight_arm,B,by_arm_condition_query_family,sliding_context_16384,,,delayed_probe,preference_change,,f1,0.00,,,,12,12,,,results/persona_joint_kimi_ab_a100_build1/analysis/analysis.json
absolute,matched_eight_arm,B,by_arm_condition_query_family,sliding_context_16384,,,delayed_probe,preference_incongruity,,exact_match,41.67,,,,12,12,,,results/persona_joint_kimi_ab_a100_build1/analysis/analysis.json
absolute,matched_eight_arm,B,by_arm_condition_query_family,sliding_context_16384,,,delayed_probe,preference_incongruity,,f1,50.00,,,,12,12,,,results/persona_joint_kimi_ab_a100_build1/analysis/analysis.json
absolute,matched_eight_arm,B,by_arm_condition_query_family,sliding_context_16384,,,post_update,preference_change,,exact_match,41.67,,,,12,12,,,results/persona_joint_kimi_ab_a100_build1/analysis/analysis.json
absolute,matched_eight_arm,B,by_arm_condition_query_family,sliding_context_16384,,,post_update,preference_change,,f1,41.67,,,,12,12,,,results/persona_joint_kimi_ab_a100_build1/analysis/analysis.json
absolute,matched_eight_arm,B,by_arm_condition_query_family,sliding_context_16384,,,post_update,preference_incongruity,,exact_match,91.67,,,,12,12,,,results/persona_joint_kimi_ab_a100_build1/analysis/analysis.json
absolute,matched_eight_arm,B,by_arm_condition_query_family,sliding_context_16384,,,post_update,preference_incongruity,,f1,95.00,,,,12,12,,,results/persona_joint_kimi_ab_a100_build1/analysis/analysis.json
absolute,matched_eight_arm,B,by_arm_condition_query_family,sliding_context_16384,,,pre_update,preference_change,,exact_match,91.67,,,,12,12,,,results/persona_joint_kimi_ab_a100_build1/analysis/analysis.json
absolute,matched_eight_arm,B,by_arm_condition_query_family,sliding_context_16384,,,pre_update,preference_change,,f1,91.67,,,,12,12,,,results/persona_joint_kimi_ab_a100_build1/analysis/analysis.json
absolute,matched_eight_arm,B,by_arm_condition_query_family,sliding_context_16384,,,pre_update,preference_incongruity,,exact_match,100.00,,,,12,12,,,results/persona_joint_kimi_ab_a100_build1/analysis/analysis.json
absolute,matched_eight_arm,B,by_arm_condition_query_family,sliding_context_16384,,,pre_update,preference_incongruity,,f1,100.00,,,,12,12,,,results/persona_joint_kimi_ab_a100_build1/analysis/analysis.json
absolute,matched_eight_arm,B,by_arm_condition_query_family,sliding_context_16384,,,token_distance_4096,preference_change,,exact_match,16.67,,,,12,12,,,results/persona_joint_kimi_ab_a100_build1/analysis/analysis.json
absolute,matched_eight_arm,B,by_arm_condition_query_family,sliding_context_16384,,,token_distance_4096,preference_change,,f1,19.44,,,,12,12,,,results/persona_joint_kimi_ab_a100_build1/analysis/analysis.json
absolute,matched_eight_arm,B,by_arm_condition_query_family,sliding_context_16384,,,token_distance_4096,preference_incongruity,,exact_match,75.00,,,,12,12,,,results/persona_joint_kimi_ab_a100_build1/analysis/analysis.json
absolute,matched_eight_arm,B,by_arm_condition_query_family,sliding_context_16384,,,token_distance_4096,preference_incongruity,,f1,86.67,,,,12,12,,,results/persona_joint_kimi_ab_a100_build1/analysis/analysis.json
absolute,matched_eight_arm,B,by_arm_condition_query_family,sliding_context_16384,,,token_distance_8192,preference_change,,exact_match,16.67,,,,12,12,,,results/persona_joint_kimi_ab_a100_build1/analysis/analysis.json
absolute,matched_eight_arm,B,by_arm_condition_query_family,sliding_context_16384,,,token_distance_8192,preference_change,,f1,16.67,,,,12,12,,,results/persona_joint_kimi_ab_a100_build1/analysis/analysis.json
absolute,matched_eight_arm,B,by_arm_condition_query_family,sliding_context_16384,,,token_distance_8192,preference_incongruity,,exact_match,83.33,,,,12,12,,,results/persona_joint_kimi_ab_a100_build1/analysis/analysis.json
absolute,matched_eight_arm,B,by_arm_condition_query_family,sliding_context_16384,,,token_distance_8192,preference_incongruity,,f1,90.83,,,,12,12,,,results/persona_joint_kimi_ab_a100_build1/analysis/analysis.json
absolute,matched_eight_arm,B,by_arm_condition_query_family,sliding_context_4096,,,delayed_probe,preference_change,,exact_match,0.00,,,,12,12,,,results/persona_joint_kimi_ab_a100_build1/analysis/analysis.json
absolute,matched_eight_arm,B,by_arm_condition_query_family,sliding_context_4096,,,delayed_probe,preference_change,,f1,0.00,,,,12,12,,,results/persona_joint_kimi_ab_a100_build1/analysis/analysis.json
absolute,matched_eight_arm,B,by_arm_condition_query_family,sliding_context_4096,,,delayed_probe,preference_incongruity,,exact_match,0.00,,,,12,12,,,results/persona_joint_kimi_ab_a100_build1/analysis/analysis.json
absolute,matched_eight_arm,B,by_arm_condition_query_family,sliding_context_4096,,,delayed_probe,preference_incongruity,,f1,0.00,,,,12,12,,,results/persona_joint_kimi_ab_a100_build1/analysis/analysis.json
absolute,matched_eight_arm,B,by_arm_condition_query_family,sliding_context_4096,,,post_update,preference_change,,exact_match,50.00,,,,12,12,,,results/persona_joint_kimi_ab_a100_build1/analysis/analysis.json
absolute,matched_eight_arm,B,by_arm_condition_query_family,sliding_context_4096,,,post_update,preference_change,,f1,50.00,,,,12,12,,,results/persona_joint_kimi_ab_a100_build1/analysis/analysis.json
absolute,matched_eight_arm,B,by_arm_condition_query_family,sliding_context_4096,,,post_update,preference_incongruity,,exact_match,75.00,,,,12,12,,,results/persona_joint_kimi_ab_a100_build1/analysis/analysis.json
absolute,matched_eight_arm,B,by_arm_condition_query_family,sliding_context_4096,,,post_update,preference_incongruity,,f1,83.33,,,,12,12,,,results/persona_joint_kimi_ab_a100_build1/analysis/analysis.json
absolute,matched_eight_arm,B,by_arm_condition_query_family,sliding_context_4096,,,pre_update,preference_change,,exact_match,75.00,,,,12,12,,,results/persona_joint_kimi_ab_a100_build1/analysis/analysis.json
absolute,matched_eight_arm,B,by_arm_condition_query_family,sliding_context_4096,,,pre_update,preference_change,,f1,75.00,,,,12,12,,,results/persona_joint_kimi_ab_a100_build1/analysis/analysis.json
absolute,matched_eight_arm,B,by_arm_condition_query_family,sliding_context_4096,,,pre_update,preference_incongruity,,exact_match,83.33,,,,12,12,,,results/persona_joint_kimi_ab_a100_build1/analysis/analysis.json
absolute,matched_eight_arm,B,by_arm_condition_query_family,sliding_context_4096,,,pre_update,preference_incongruity,,f1,83.33,,,,12,12,,,results/persona_joint_kimi_ab_a100_build1/analysis/analysis.json
absolute,matched_eight_arm,B,by_arm_condition_query_family,sliding_context_4096,,,token_distance_4096,preference_change,,exact_match,0.00,,,,12,12,,,results/persona_joint_kimi_ab_a100_build1/analysis/analysis.json
absolute,matched_eight_arm,B,by_arm_condition_query_family,sliding_context_4096,,,token_distance_4096,preference_change,,f1,6.11,,,,12,12,,,results/persona_joint_kimi_ab_a100_build1/analysis/analysis.json
absolute,matched_eight_arm,B,by_arm_condition_query_family,sliding_context_4096,,,token_distance_4096,preference_incongruity,,exact_match,0.00,,,,12,12,,,results/persona_joint_kimi_ab_a100_build1/analysis/analysis.json
absolute,matched_eight_arm,B,by_arm_condition_query_family,sliding_context_4096,,,token_distance_4096,preference_incongruity,,f1,8.33,,,,12,12,,,results/persona_joint_kimi_ab_a100_build1/analysis/analysis.json
absolute,matched_eight_arm,B,by_arm_condition_query_family,sliding_context_4096,,,token_distance_8192,preference_change,,exact_match,0.00,,,,12,12,,,results/persona_joint_kimi_ab_a100_build1/analysis/analysis.json
absolute,matched_eight_arm,B,by_arm_condition_query_family,sliding_context_4096,,,token_distance_8192,preference_change,,f1,4.17,,,,12,12,,,results/persona_joint_kimi_ab_a100_build1/analysis/analysis.json
absolute,matched_eight_arm,B,by_arm_condition_query_family,sliding_context_4096,,,token_distance_8192,preference_incongruity,,exact_match,0.00,,,,12,12,,,results/persona_joint_kimi_ab_a100_build1/analysis/analysis.json
absolute,matched_eight_arm,B,by_arm_condition_query_family,sliding_context_4096,,,token_distance_8192,preference_incongruity,,f1,4.17,,,,12,12,,,results/persona_joint_kimi_ab_a100_build1/analysis/analysis.json
absolute,matched_eight_arm,B,by_arm_condition_query_family,structured_memory_16384,,,delayed_probe,preference_change,,exact_match,0.00,,,,12,12,,,results/persona_joint_kimi_ab_a100_build1/analysis/analysis.json
absolute,matched_eight_arm,B,by_arm_condition_query_family,structured_memory_16384,,,delayed_probe,preference_change,,f1,0.00,,,,12,12,,,results/persona_joint_kimi_ab_a100_build1/analysis/analysis.json
absolute,matched_eight_arm,B,by_arm_condition_query_family,structured_memory_16384,,,delayed_probe,preference_incongruity,,exact_match,91.67,,,,12,12,,,results/persona_joint_kimi_ab_a100_build1/analysis/analysis.json
absolute,matched_eight_arm,B,by_arm_condition_query_family,structured_memory_16384,,,delayed_probe,preference_incongruity,,f1,95.83,,,,12,12,,,results/persona_joint_kimi_ab_a100_build1/analysis/analysis.json
absolute,matched_eight_arm,B,by_arm_condition_query_family,structured_memory_16384,,,post_update,preference_change,,exact_match,41.67,,,,12,12,,,results/persona_joint_kimi_ab_a100_build1/analysis/analysis.json
absolute,matched_eight_arm,B,by_arm_condition_query_family,structured_memory_16384,,,post_update,preference_change,,f1,41.67,,,,12,12,,,results/persona_joint_kimi_ab_a100_build1/analysis/analysis.json
absolute,matched_eight_arm,B,by_arm_condition_query_family,structured_memory_16384,,,post_update,preference_incongruity,,exact_match,91.67,,,,12,12,,,results/persona_joint_kimi_ab_a100_build1/analysis/analysis.json
absolute,matched_eight_arm,B,by_arm_condition_query_family,structured_memory_16384,,,post_update,preference_incongruity,,f1,95.00,,,,12,12,,,results/persona_joint_kimi_ab_a100_build1/analysis/analysis.json
absolute,matched_eight_arm,B,by_arm_condition_query_family,structured_memory_16384,,,pre_update,preference_change,,exact_match,91.67,,,,12,12,,,results/persona_joint_kimi_ab_a100_build1/analysis/analysis.json
absolute,matched_eight_arm,B,by_arm_condition_query_family,structured_memory_16384,,,pre_update,preference_change,,f1,91.67,,,,12,12,,,results/persona_joint_kimi_ab_a100_build1/analysis/analysis.json
absolute,matched_eight_arm,B,by_arm_condition_query_family,structured_memory_16384,,,pre_update,preference_incongruity,,exact_match,100.00,,,,12,12,,,results/persona_joint_kimi_ab_a100_build1/analysis/analysis.json
absolute,matched_eight_arm,B,by_arm_condition_query_family,structured_memory_16384,,,pre_update,preference_incongruity,,f1,100.00,,,,12,12,,,results/persona_joint_kimi_ab_a100_build1/analysis/analysis.json
absolute,matched_eight_arm,B,by_arm_condition_query_family,structured_memory_16384,,,token_distance_4096,preference_change,,exact_match,16.67,,,,12,12,,,results/persona_joint_kimi_ab_a100_build1/analysis/analysis.json
absolute,matched_eight_arm,B,by_arm_condition_query_family,structured_memory_16384,,,token_distance_4096,preference_change,,f1,19.44,,,,12,12,,,results/persona_joint_kimi_ab_a100_build1/analysis/analysis.json
absolute,matched_eight_arm,B,by_arm_condition_query_family,structured_memory_16384,,,token_distance_4096,preference_incongruity,,exact_match,91.67,,,,12,12,,,results/persona_joint_kimi_ab_a100_build1/analysis/analysis.json
absolute,matched_eight_arm,B,by_arm_condition_query_family,structured_memory_16384,,,token_distance_4096,preference_incongruity,,f1,95.83,,,,12,12,,,results/persona_joint_kimi_ab_a100_build1/analysis/analysis.json
absolute,matched_eight_arm,B,by_arm_condition_query_family,structured_memory_16384,,,token_distance_8192,preference_change,,exact_match,16.67,,,,12,12,,,results/persona_joint_kimi_ab_a100_build1/analysis/analysis.json
absolute,matched_eight_arm,B,by_arm_condition_query_family,structured_memory_16384,,,token_distance_8192,preference_change,,f1,16.67,,,,12,12,,,results/persona_joint_kimi_ab_a100_build1/analysis/analysis.json
absolute,matched_eight_arm,B,by_arm_condition_query_family,structured_memory_16384,,,token_distance_8192,preference_incongruity,,exact_match,91.67,,,,12,12,,,results/persona_joint_kimi_ab_a100_build1/analysis/analysis.json
absolute,matched_eight_arm,B,by_arm_condition_query_family,structured_memory_16384,,,token_distance_8192,preference_incongruity,,f1,95.83,,,,12,12,,,results/persona_joint_kimi_ab_a100_build1/analysis/analysis.json
absolute,matched_eight_arm,B,by_arm_condition_query_family,structured_memory_4096,,,delayed_probe,preference_change,,exact_match,50.00,,,,12,12,,,results/persona_joint_kimi_ab_a100_build1/analysis/analysis.json
absolute,matched_eight_arm,B,by_arm_condition_query_family,structured_memory_4096,,,delayed_probe,preference_change,,f1,50.00,,,,12,12,,,results/persona_joint_kimi_ab_a100_build1/analysis/analysis.json
absolute,matched_eight_arm,B,by_arm_condition_query_family,structured_memory_4096,,,delayed_probe,preference_incongruity,,exact_match,100.00,,,,12,12,,,results/persona_joint_kimi_ab_a100_build1/analysis/analysis.json
absolute,matched_eight_arm,B,by_arm_condition_query_family,structured_memory_4096,,,delayed_probe,preference_incongruity,,f1,100.00,,,,12,12,,,results/persona_joint_kimi_ab_a100_build1/analysis/analysis.json
absolute,matched_eight_arm,B,by_arm_condition_query_family,structured_memory_4096,,,post_update,preference_change,,exact_match,50.00,,,,12,12,,,results/persona_joint_kimi_ab_a100_build1/analysis/analysis.json
absolute,matched_eight_arm,B,by_arm_condition_query_family,structured_memory_4096,,,post_update,preference_change,,f1,50.00,,,,12,12,,,results/persona_joint_kimi_ab_a100_build1/analysis/analysis.json
absolute,matched_eight_arm,B,by_arm_condition_query_family,structured_memory_4096,,,post_update,preference_incongruity,,exact_match,75.00,,,,12,12,,,results/persona_joint_kimi_ab_a100_build1/analysis/analysis.json
absolute,matched_eight_arm,B,by_arm_condition_query_family,structured_memory_4096,,,post_update,preference_incongruity,,f1,83.33,,,,12,12,,,results/persona_joint_kimi_ab_a100_build1/analysis/analysis.json
absolute,matched_eight_arm,B,by_arm_condition_query_family,structured_memory_4096,,,pre_update,preference_change,,exact_match,75.00,,,,12,12,,,results/persona_joint_kimi_ab_a100_build1/analysis/analysis.json
absolute,matched_eight_arm,B,by_arm_condition_query_family,structured_memory_4096,,,pre_update,preference_change,,f1,75.00,,,,12,12,,,results/persona_joint_kimi_ab_a100_build1/analysis/analysis.json
absolute,matched_eight_arm,B,by_arm_condition_query_family,structured_memory_4096,,,pre_update,preference_incongruity,,exact_match,83.33,,,,12,12,,,results/persona_joint_kimi_ab_a100_build1/analysis/analysis.json
absolute,matched_eight_arm,B,by_arm_condition_query_family,structured_memory_4096,,,pre_update,preference_incongruity,,f1,83.33,,,,12,12,,,results/persona_joint_kimi_ab_a100_build1/analysis/analysis.json
absolute,matched_eight_arm,B,by_arm_condition_query_family,structured_memory_4096,,,token_distance_4096,preference_change,,exact_match,0.00,,,,12,12,,,results/persona_joint_kimi_ab_a100_build1/analysis/analysis.json
absolute,matched_eight_arm,B,by_arm_condition_query_family,structured_memory_4096,,,token_distance_4096,preference_change,,f1,6.11,,,,12,12,,,results/persona_joint_kimi_ab_a100_build1/analysis/analysis.json
absolute,matched_eight_arm,B,by_arm_condition_query_family,structured_memory_4096,,,token_distance_4096,preference_incongruity,,exact_match,66.67,,,,12,12,,,results/persona_joint_kimi_ab_a100_build1/analysis/analysis.json
absolute,matched_eight_arm,B,by_arm_condition_query_family,structured_memory_4096,,,token_distance_4096,preference_incongruity,,f1,66.67,,,,12,12,,,results/persona_joint_kimi_ab_a100_build1/analysis/analysis.json
absolute,matched_eight_arm,B,by_arm_condition_query_family,structured_memory_4096,,,token_distance_8192,preference_change,,exact_match,0.00,,,,12,12,,,results/persona_joint_kimi_ab_a100_build1/analysis/analysis.json
absolute,matched_eight_arm,B,by_arm_condition_query_family,structured_memory_4096,,,token_distance_8192,preference_change,,f1,4.17,,,,12,12,,,results/persona_joint_kimi_ab_a100_build1/analysis/analysis.json
absolute,matched_eight_arm,B,by_arm_condition_query_family,structured_memory_4096,,,token_distance_8192,preference_incongruity,,exact_match,91.67,,,,12,12,,,results/persona_joint_kimi_ab_a100_build1/analysis/analysis.json
absolute,matched_eight_arm,B,by_arm_condition_query_family,structured_memory_4096,,,token_distance_8192,preference_incongruity,,f1,91.67,,,,12,12,,,results/persona_joint_kimi_ab_a100_build1/analysis/analysis.json
absolute,matched_eight_arm,B,by_arm_query_family,graphiti_memory_16384,,,,preference_change,,exact_match,30.00,,,,60,12,,,results/persona_joint_kimi_ab_a100_build1/analysis/analysis.json
absolute,matched_eight_arm,B,by_arm_query_family,graphiti_memory_16384,,,,preference_change,,f1,32.61,,,,60,12,,,results/persona_joint_kimi_ab_a100_build1/analysis/analysis.json
absolute,matched_eight_arm,B,by_arm_query_family,graphiti_memory_16384,,,,preference_incongruity,,exact_match,86.67,,,,60,12,,,results/persona_joint_kimi_ab_a100_build1/analysis/analysis.json
absolute,matched_eight_arm,B,by_arm_query_family,graphiti_memory_16384,,,,preference_incongruity,,f1,90.67,,,,60,12,,,results/persona_joint_kimi_ab_a100_build1/analysis/analysis.json
absolute,matched_eight_arm,B,by_arm_query_family,graphiti_memory_4096,,,,preference_change,,exact_match,25.00,,,,60,12,,,results/persona_joint_kimi_ab_a100_build1/analysis/analysis.json
absolute,matched_eight_arm,B,by_arm_query_family,graphiti_memory_4096,,,,preference_change,,f1,26.39,,,,60,12,,,results/persona_joint_kimi_ab_a100_build1/analysis/analysis.json
absolute,matched_eight_arm,B,by_arm_query_family,graphiti_memory_4096,,,,preference_incongruity,,exact_match,55.00,,,,60,12,,,results/persona_joint_kimi_ab_a100_build1/analysis/analysis.json
absolute,matched_eight_arm,B,by_arm_query_family,graphiti_memory_4096,,,,preference_incongruity,,f1,69.90,,,,60,12,,,results/persona_joint_kimi_ab_a100_build1/analysis/analysis.json
absolute,matched_eight_arm,B,by_arm_query_family,hybrid_kg_memory_16384,,,,preference_change,,exact_match,38.33,,,,60,12,,,results/persona_joint_kimi_ab_a100_build1/analysis/analysis.json
absolute,matched_eight_arm,B,by_arm_query_family,hybrid_kg_memory_16384,,,,preference_change,,f1,39.17,,,,60,12,,,results/persona_joint_kimi_ab_a100_build1/analysis/analysis.json
absolute,matched_eight_arm,B,by_arm_query_family,hybrid_kg_memory_16384,,,,preference_incongruity,,exact_match,95.00,,,,60,12,,,results/persona_joint_kimi_ab_a100_build1/analysis/analysis.json
absolute,matched_eight_arm,B,by_arm_query_family,hybrid_kg_memory_16384,,,,preference_incongruity,,f1,96.67,,,,60,12,,,results/persona_joint_kimi_ab_a100_build1/analysis/analysis.json
absolute,matched_eight_arm,B,by_arm_query_family,hybrid_kg_memory_4096,,,,preference_change,,exact_match,38.33,,,,60,12,,,results/persona_joint_kimi_ab_a100_build1/analysis/analysis.json
absolute,matched_eight_arm,B,by_arm_query_family,hybrid_kg_memory_4096,,,,preference_change,,f1,42.72,,,,60,12,,,results/persona_joint_kimi_ab_a100_build1/analysis/analysis.json
absolute,matched_eight_arm,B,by_arm_query_family,hybrid_kg_memory_4096,,,,preference_incongruity,,exact_match,93.33,,,,60,12,,,results/persona_joint_kimi_ab_a100_build1/analysis/analysis.json
absolute,matched_eight_arm,B,by_arm_query_family,hybrid_kg_memory_4096,,,,preference_incongruity,,f1,95.00,,,,60,12,,,results/persona_joint_kimi_ab_a100_build1/analysis/analysis.json
absolute,matched_eight_arm,B,by_arm_query_family,sliding_context_16384,,,,preference_change,,exact_match,33.33,,,,60,12,,,results/persona_joint_kimi_ab_a100_build1/analysis/analysis.json
absolute,matched_eight_arm,B,by_arm_query_family,sliding_context_16384,,,,preference_change,,f1,33.89,,,,60,12,,,results/persona_joint_kimi_ab_a100_build1/analysis/analysis.json
absolute,matched_eight_arm,B,by_arm_query_family,sliding_context_16384,,,,preference_incongruity,,exact_match,78.33,,,,60,12,,,results/persona_joint_kimi_ab_a100_build1/analysis/analysis.json
absolute,matched_eight_arm,B,by_arm_query_family,sliding_context_16384,,,,preference_incongruity,,f1,84.50,,,,60,12,,,results/persona_joint_kimi_ab_a100_build1/analysis/analysis.json
absolute,matched_eight_arm,B,by_arm_query_family,sliding_context_4096,,,,preference_change,,exact_match,25.00,,,,60,12,,,results/persona_joint_kimi_ab_a100_build1/analysis/analysis.json
absolute,matched_eight_arm,B,by_arm_query_family,sliding_context_4096,,,,preference_change,,f1,27.06,,,,60,12,,,results/persona_joint_kimi_ab_a100_build1/analysis/analysis.json
absolute,matched_eight_arm,B,by_arm_query_family,sliding_context_4096,,,,preference_incongruity,,exact_match,31.67,,,,60,12,,,results/persona_joint_kimi_ab_a100_build1/analysis/analysis.json
absolute,matched_eight_arm,B,by_arm_query_family,sliding_context_4096,,,,preference_incongruity,,f1,35.83,,,,60,12,,,results/persona_joint_kimi_ab_a100_build1/analysis/analysis.json
absolute,matched_eight_arm,B,by_arm_query_family,structured_memory_16384,,,,preference_change,,exact_match,33.33,,,,60,12,,,results/persona_joint_kimi_ab_a100_build1/analysis/analysis.json
absolute,matched_eight_arm,B,by_arm_query_family,structured_memory_16384,,,,preference_change,,f1,33.89,,,,60,12,,,results/persona_joint_kimi_ab_a100_build1/analysis/analysis.json
absolute,matched_eight_arm,B,by_arm_query_family,structured_memory_16384,,,,preference_incongruity,,exact_match,93.33,,,,60,12,,,results/persona_joint_kimi_ab_a100_build1/analysis/analysis.json
absolute,matched_eight_arm,B,by_arm_query_family,structured_memory_16384,,,,preference_incongruity,,f1,96.50,,,,60,12,,,results/persona_joint_kimi_ab_a100_build1/analysis/analysis.json
absolute,matched_eight_arm,B,by_arm_query_family,structured_memory_4096,,,,preference_change,,exact_match,35.00,,,,60,12,,,results/persona_joint_kimi_ab_a100_build1/analysis/analysis.json
absolute,matched_eight_arm,B,by_arm_query_family,structured_memory_4096,,,,preference_change,,f1,37.06,,,,60,12,,,results/persona_joint_kimi_ab_a100_build1/analysis/analysis.json
absolute,matched_eight_arm,B,by_arm_query_family,structured_memory_4096,,,,preference_incongruity,,exact_match,83.33,,,,60,12,,,results/persona_joint_kimi_ab_a100_build1/analysis/analysis.json
absolute,matched_eight_arm,B,by_arm_query_family,structured_memory_4096,,,,preference_incongruity,,f1,85.00,,,,60,12,,,results/persona_joint_kimi_ab_a100_build1/analysis/analysis.json
absolute,five_arm_fixed_assignment,A,arm_metrics,sliding_context_4096,,,,,,exact_match,32.50,,,,120,12,,,results/persona_surface_generalization_v1/analysis.json
absolute,five_arm_fixed_assignment,A,arm_metrics,sliding_context_4096,,,,,,f1,35.83,,,,120,12,,,results/persona_surface_generalization_v1/analysis.json
absolute,five_arm_fixed_assignment,A,arm_metrics,sliding_context_16384,,,,,,exact_match,50.00,,,,120,12,,,results/persona_surface_generalization_v1/analysis.json
absolute,five_arm_fixed_assignment,A,arm_metrics,sliding_context_16384,,,,,,f1,55.64,,,,120,12,,,results/persona_surface_generalization_v1/analysis.json
absolute,five_arm_fixed_assignment,A,arm_metrics,structured_memory_4096,,,,,,exact_match,62.50,,,,120,12,,,results/persona_surface_generalization_v1/analysis.json
absolute,five_arm_fixed_assignment,A,arm_metrics,structured_memory_4096,,,,,,f1,64.50,,,,120,12,,,results/persona_surface_generalization_v1/analysis.json
absolute,five_arm_fixed_assignment,A,arm_metrics,structured_memory_16384,,,,,,exact_match,60.83,,,,120,12,,,results/persona_surface_generalization_v1/analysis.json
absolute,five_arm_fixed_assignment,A,arm_metrics,structured_memory_16384,,,,,,f1,64.00,,,,120,12,,,results/persona_surface_generalization_v1/analysis.json
absolute,five_arm_fixed_assignment,A,arm_metrics,full_qwen_context,,,,,,exact_match,55.00,,,,120,12,,,results/persona_surface_generalization_v1/analysis.json
absolute,five_arm_fixed_assignment,A,arm_metrics,full_qwen_context,,,,,,f1,60.25,,,,120,12,,,results/persona_surface_generalization_v1/analysis.json
absolute,five_arm_fixed_assignment,B,arm_metrics,sliding_context_4096,,,,,,exact_match,28.33,,,,120,12,,,results/persona_surface_generalization_v1/analysis.json
absolute,five_arm_fixed_assignment,B,arm_metrics,sliding_context_4096,,,,,,f1,31.44,,,,120,12,,,results/persona_surface_generalization_v1/analysis.json
absolute,five_arm_fixed_assignment,B,arm_metrics,sliding_context_16384,,,,,,exact_match,55.83,,,,120,12,,,results/persona_surface_generalization_v1/analysis.json
absolute,five_arm_fixed_assignment,B,arm_metrics,sliding_context_16384,,,,,,f1,59.19,,,,120,12,,,results/persona_surface_generalization_v1/analysis.json
absolute,five_arm_fixed_assignment,B,arm_metrics,structured_memory_4096,,,,,,exact_match,59.17,,,,120,12,,,results/persona_surface_generalization_v1/analysis.json
absolute,five_arm_fixed_assignment,B,arm_metrics,structured_memory_4096,,,,,,f1,61.03,,,,120,12,,,results/persona_surface_generalization_v1/analysis.json
absolute,five_arm_fixed_assignment,B,arm_metrics,structured_memory_16384,,,,,,exact_match,63.33,,,,120,12,,,results/persona_surface_generalization_v1/analysis.json
absolute,five_arm_fixed_assignment,B,arm_metrics,structured_memory_16384,,,,,,f1,65.19,,,,120,12,,,results/persona_surface_generalization_v1/analysis.json
absolute,five_arm_fixed_assignment,B,arm_metrics,full_qwen_context,,,,,,exact_match,60.00,,,,120,12,,,results/persona_surface_generalization_v1/analysis.json
absolute,five_arm_fixed_assignment,B,arm_metrics,full_qwen_context,,,,,,f1,62.78,,,,120,12,,,results/persona_surface_generalization_v1/analysis.json
absolute,five_arm_fixed_assignment,pooled_A_B,arm_metrics,sliding_context_4096,,,,,,exact_match,30.42,,,,240,12,,,results/persona_surface_generalization_v1/analysis.json
absolute,five_arm_fixed_assignment,pooled_A_B,arm_metrics,sliding_context_4096,,,,,,f1,33.64,,,,240,12,,,results/persona_surface_generalization_v1/analysis.json
absolute,five_arm_fixed_assignment,pooled_A_B,arm_metrics,sliding_context_16384,,,,,,exact_match,52.92,,,,240,12,,,results/persona_surface_generalization_v1/analysis.json
absolute,five_arm_fixed_assignment,pooled_A_B,arm_metrics,sliding_context_16384,,,,,,f1,57.42,,,,240,12,,,results/persona_surface_generalization_v1/analysis.json
absolute,five_arm_fixed_assignment,pooled_A_B,arm_metrics,structured_memory_4096,,,,,,exact_match,60.83,,,,240,12,,,results/persona_surface_generalization_v1/analysis.json
absolute,five_arm_fixed_assignment,pooled_A_B,arm_metrics,structured_memory_4096,,,,,,f1,62.76,,,,240,12,,,results/persona_surface_generalization_v1/analysis.json
absolute,five_arm_fixed_assignment,pooled_A_B,arm_metrics,structured_memory_16384,,,,,,exact_match,62.08,,,,240,12,,,results/persona_surface_generalization_v1/analysis.json
absolute,five_arm_fixed_assignment,pooled_A_B,arm_metrics,structured_memory_16384,,,,,,f1,64.60,,,,240,12,,,results/persona_surface_generalization_v1/analysis.json
absolute,five_arm_fixed_assignment,pooled_A_B,arm_metrics,full_qwen_context,,,,,,exact_match,57.50,,,,240,12,,,results/persona_surface_generalization_v1/analysis.json
absolute,five_arm_fixed_assignment,pooled_A_B,arm_metrics,full_qwen_context,,,,,,f1,61.51,,,,240,12,,,results/persona_surface_generalization_v1/analysis.json
absolute,five_arm_fixed_assignment,v1,arm_metrics,sliding_context_4096,,,,,,exact_match,32.50,,,,120,12,,,results/persona_surface_generalization_v1/analysis.json
absolute,five_arm_fixed_assignment,v1,arm_metrics,sliding_context_4096,,,,,,f1,34.17,,,,120,12,,,results/persona_surface_generalization_v1/analysis.json
absolute,five_arm_fixed_assignment,v1,arm_metrics,sliding_context_16384,,,,,,exact_match,56.67,,,,120,12,,,results/persona_surface_generalization_v1/analysis.json
absolute,five_arm_fixed_assignment,v1,arm_metrics,sliding_context_16384,,,,,,f1,60.42,,,,120,12,,,results/persona_surface_generalization_v1/analysis.json
absolute,five_arm_fixed_assignment,v1,arm_metrics,structured_memory_4096,,,,,,exact_match,65.00,,,,120,12,,,results/persona_surface_generalization_v1/analysis.json
absolute,five_arm_fixed_assignment,v1,arm_metrics,structured_memory_4096,,,,,,f1,67.08,,,,120,12,,,results/persona_surface_generalization_v1/analysis.json
absolute,five_arm_fixed_assignment,v1,arm_metrics,structured_memory_16384,,,,,,exact_match,65.83,,,,120,12,,,results/persona_surface_generalization_v1/analysis.json
absolute,five_arm_fixed_assignment,v1,arm_metrics,structured_memory_16384,,,,,,f1,69.17,,,,120,12,,,results/persona_surface_generalization_v1/analysis.json
absolute,five_arm_fixed_assignment,v1,arm_metrics,full_qwen_context,,,,,,exact_match,50.00,,,,120,12,,,results/persona_surface_generalization_v1/analysis.json
absolute,five_arm_fixed_assignment,v1,arm_metrics,full_qwen_context,,,,,,f1,50.83,,,,120,12,,,results/persona_surface_generalization_v1/analysis.json
contrast_ci,matched_eight_arm,A,paired_deltas,,hybrid_kg_memory_4096,sliding_context_4096,,,,exact_match,,36.666666666666664,27.500000000000004,47.5,120,12,2000,73,results/persona_joint_kimi_ab_a100_build1/surface_a/metrics.json
contrast_ci,matched_eight_arm,A,paired_deltas,,hybrid_kg_memory_4096,sliding_context_4096,,,,f1,,35.36111111111111,27.02777777777778,45.166666666666664,120,12,2000,73,results/persona_joint_kimi_ab_a100_build1/surface_a/metrics.json
contrast_ci,matched_eight_arm,A,paired_deltas,,hybrid_kg_memory_16384,sliding_context_16384,,,,exact_match,,21.666666666666668,9.166666666666666,35.0,120,12,2000,73,results/persona_joint_kimi_ab_a100_build1/surface_a/metrics.json
contrast_ci,matched_eight_arm,A,paired_deltas,,hybrid_kg_memory_16384,sliding_context_16384,,,,f1,,16.932539682539684,6.253968253968255,27.48809523809524,120,12,2000,73,results/persona_joint_kimi_ab_a100_build1/surface_a/metrics.json
contrast_ci,matched_eight_arm,A,paired_deltas,,graphiti_memory_4096,sliding_context_4096,,,,exact_match,,8.333333333333332,0.0,18.333333333333332,120,12,2000,73,results/persona_joint_kimi_ab_a100_build1/surface_a/metrics.json
contrast_ci,matched_eight_arm,A,paired_deltas,,graphiti_memory_4096,sliding_context_4096,,,,f1,,11.444444444444445,3.4999999999999996,20.5,120,12,2000,73,results/persona_joint_kimi_ab_a100_build1/surface_a/metrics.json
contrast_ci,matched_eight_arm,A,paired_deltas,,graphiti_memory_16384,sliding_context_16384,,,,exact_match,,2.5,-0.8333333333333334,5.833333333333333,120,12,2000,73,results/persona_joint_kimi_ab_a100_build1/surface_a/metrics.json
contrast_ci,matched_eight_arm,A,paired_deltas,,graphiti_memory_16384,sliding_context_16384,,,,f1,,2.2777777777777777,-0.7777777777777778,4.777777777777778,120,12,2000,73,results/persona_joint_kimi_ab_a100_build1/surface_a/metrics.json
contrast_ci,matched_eight_arm,A,paired_deltas,,hybrid_kg_memory_4096,graphiti_memory_4096,,,,exact_match,,28.333333333333332,18.333333333333332,38.333333333333336,120,12,2000,73,results/persona_joint_kimi_ab_a100_build1/surface_a/metrics.json
contrast_ci,matched_eight_arm,A,paired_deltas,,hybrid_kg_memory_4096,graphiti_memory_4096,,,,f1,,23.916666666666668,14.333333333333334,33.25,120,12,2000,73,results/persona_joint_kimi_ab_a100_build1/surface_a/metrics.json
contrast_ci,matched_eight_arm,A,paired_deltas,,hybrid_kg_memory_16384,graphiti_memory_16384,,,,exact_match,,19.166666666666668,5.833333333333333,31.666666666666664,120,12,2000,73,results/persona_joint_kimi_ab_a100_build1/surface_a/metrics.json
contrast_ci,matched_eight_arm,A,paired_deltas,,hybrid_kg_memory_16384,graphiti_memory_16384,,,,f1,,14.654761904761903,4.182539682539683,24.321428571428573,120,12,2000,73,results/persona_joint_kimi_ab_a100_build1/surface_a/metrics.json
contrast_ci,matched_eight_arm,A,paired_deltas,,hybrid_kg_memory_4096,structured_memory_4096,,,,exact_match,,6.666666666666667,-2.5,17.5,120,12,2000,73,results/persona_joint_kimi_ab_a100_build1/surface_a/metrics.json
contrast_ci,matched_eight_arm,A,paired_deltas,,hybrid_kg_memory_4096,structured_memory_4096,,,,f1,,6.694444444444445,-1.5833333333333335,16.52777777777778,120,12,2000,73,results/persona_joint_kimi_ab_a100_build1/surface_a/metrics.json
contrast_ci,matched_eight_arm,A,paired_deltas,,hybrid_kg_memory_16384,structured_memory_16384,,,,exact_match,,10.833333333333334,0.8333333333333334,21.666666666666668,120,12,2000,73,results/persona_joint_kimi_ab_a100_build1/surface_a/metrics.json
contrast_ci,matched_eight_arm,A,paired_deltas,,hybrid_kg_memory_16384,structured_memory_16384,,,,f1,,8.571428571428571,-0.05555555555555545,18.25793650793651,120,12,2000,73,results/persona_joint_kimi_ab_a100_build1/surface_a/metrics.json
contrast_ci,matched_eight_arm,A,paired_deltas_by_condition,,hybrid_kg_memory_4096,sliding_context_4096,delayed_probe,,,exact_match,,66.66666666666666,54.166666666666664,79.16666666666666,24,12,2000,73,results/persona_joint_kimi_ab_a100_build1/surface_a/metrics.json
contrast_ci,matched_eight_arm,A,paired_deltas_by_condition,,hybrid_kg_memory_4096,sliding_context_4096,delayed_probe,,,f1,,68.33333333333333,55.833333333333336,80.83333333333333,24,12,2000,73,results/persona_joint_kimi_ab_a100_build1/surface_a/metrics.json
contrast_ci,matched_eight_arm,A,paired_deltas_by_condition,,hybrid_kg_memory_16384,sliding_context_16384,delayed_probe,,,exact_match,,25.0,12.5,41.66666666666667,24,12,2000,73,results/persona_joint_kimi_ab_a100_build1/surface_a/metrics.json
contrast_ci,matched_eight_arm,A,paired_deltas_by_condition,,hybrid_kg_memory_16384,sliding_context_16384,delayed_probe,,,f1,,24.583333333333336,12.083333333333334,37.5,24,12,2000,73,results/persona_joint_kimi_ab_a100_build1/surface_a/metrics.json
contrast_ci,matched_eight_arm,A,paired_deltas_by_condition,,graphiti_memory_4096,sliding_context_4096,delayed_probe,,,exact_match,,20.833333333333336,4.166666666666666,41.66666666666667,24,12,2000,73,results/persona_joint_kimi_ab_a100_build1/surface_a/metrics.json
contrast_ci,matched_eight_arm,A,paired_deltas_by_condition,,graphiti_memory_4096,sliding_context_4096,delayed_probe,,,f1,,27.361111111111114,12.083333333333334,45.83333333333333,24,12,2000,73,results/persona_joint_kimi_ab_a100_build1/surface_a/metrics.json
contrast_ci,matched_eight_arm,A,paired_deltas_by_condition,,graphiti_memory_16384,sliding_context_16384,delayed_probe,,,exact_match,,4.166666666666666,0.0,12.5,24,12,2000,73,results/persona_joint_kimi_ab_a100_build1/surface_a/metrics.json
contrast_ci,matched_eight_arm,A,paired_deltas_by_condition,,graphiti_memory_16384,sliding_context_16384,delayed_probe,,,f1,,10.277777777777777,1.6666666666666667,20.27777777777778,24,12,2000,73,results/persona_joint_kimi_ab_a100_build1/surface_a/metrics.json
contrast_ci,matched_eight_arm,A,paired_deltas_by_condition,,hybrid_kg_memory_4096,graphiti_memory_4096,delayed_probe,,,exact_match,,45.83333333333333,25.0,66.66666666666666,24,12,2000,73,results/persona_joint_kimi_ab_a100_build1/surface_a/metrics.json
contrast_ci,matched_eight_arm,A,paired_deltas_by_condition,,hybrid_kg_memory_4096,graphiti_memory_4096,delayed_probe,,,f1,,40.97222222222222,22.22222222222222,60.0,24,12,2000,73,results/persona_joint_kimi_ab_a100_build1/surface_a/metrics.json
contrast_ci,matched_eight_arm,A,paired_deltas_by_condition,,hybrid_kg_memory_16384,graphiti_memory_16384,delayed_probe,,,exact_match,,20.833333333333336,8.333333333333332,33.33333333333333,24,12,2000,73,results/persona_joint_kimi_ab_a100_build1/surface_a/metrics.json
contrast_ci,matched_eight_arm,A,paired_deltas_by_condition,,hybrid_kg_memory_16384,graphiti_memory_16384,delayed_probe,,,f1,,14.305555555555555,5.833333333333333,23.75,24,12,2000,73,results/persona_joint_kimi_ab_a100_build1/surface_a/metrics.json
contrast_ci,matched_eight_arm,A,paired_deltas_by_condition,,hybrid_kg_memory_4096,structured_memory_4096,delayed_probe,,,exact_match,,-4.166666666666666,-25.0,16.666666666666664,24,12,2000,73,results/persona_joint_kimi_ab_a100_build1/surface_a/metrics.json
contrast_ci,matched_eight_arm,A,paired_deltas_by_condition,,hybrid_kg_memory_4096,structured_memory_4096,delayed_probe,,,f1,,-2.5,-21.666666666666668,18.333333333333336,24,12,2000,73,results/persona_joint_kimi_ab_a100_build1/surface_a/metrics.json
contrast_ci,matched_eight_arm,A,paired_deltas_by_condition,,hybrid_kg_memory_16384,structured_memory_16384,delayed_probe,,,exact_match,,-4.166666666666666,-12.5,0.0,24,12,2000,73,results/persona_joint_kimi_ab_a100_build1/surface_a/metrics.json
contrast_ci,matched_eight_arm,A,paired_deltas_by_condition,,hybrid_kg_memory_16384,structured_memory_16384,delayed_probe,,,f1,,-2.5,-7.5,0.0,24,12,2000,73,results/persona_joint_kimi_ab_a100_build1/surface_a/metrics.json
contrast_ci,matched_eight_arm,A,paired_deltas_by_condition,,hybrid_kg_memory_4096,sliding_context_4096,post_update,,,exact_match,,33.33333333333333,12.5,54.166666666666664,24,12,2000,73,results/persona_joint_kimi_ab_a100_build1/surface_a/metrics.json
contrast_ci,matched_eight_arm,A,paired_deltas_by_condition,,hybrid_kg_memory_4096,sliding_context_4096,post_update,,,f1,,25.416666666666664,8.75,44.166666666666664,24,12,2000,73,results/persona_joint_kimi_ab_a100_build1/surface_a/metrics.json
contrast_ci,matched_eight_arm,A,paired_deltas_by_condition,,hybrid_kg_memory_16384,sliding_context_16384,post_update,,,exact_match,,45.83333333333333,20.833333333333336,70.83333333333334,24,12,2000,73,results/persona_joint_kimi_ab_a100_build1/surface_a/metrics.json
contrast_ci,matched_eight_arm,A,paired_deltas_by_condition,,hybrid_kg_memory_16384,sliding_context_16384,post_update,,,f1,,37.22222222222222,17.083333333333332,57.777777777777786,24,12,2000,73,results/persona_joint_kimi_ab_a100_build1/surface_a/metrics.json
contrast_ci,matched_eight_arm,A,paired_deltas_by_condition,,graphiti_memory_4096,sliding_context_4096,post_update,,,exact_match,,0.0,-12.5,12.5,24,12,2000,73,results/persona_joint_kimi_ab_a100_build1/surface_a/metrics.json
contrast_ci,matched_eight_arm,A,paired_deltas_by_condition,,graphiti_memory_4096,sliding_context_4096,post_update,,,f1,,0.0,-12.5,12.5,24,12,2000,73,results/persona_joint_kimi_ab_a100_build1/surface_a/metrics.json
contrast_ci,matched_eight_arm,A,paired_deltas_by_condition,,graphiti_memory_16384,sliding_context_16384,post_update,,,exact_match,,4.166666666666666,0.0,12.5,24,12,2000,73,results/persona_joint_kimi_ab_a100_build1/surface_a/metrics.json
contrast_ci,matched_eight_arm,A,paired_deltas_by_condition,,graphiti_memory_16384,sliding_context_16384,post_update,,,f1,,4.166666666666666,0.0,12.5,24,12,2000,73,results/persona_joint_kimi_ab_a100_build1/surface_a/metrics.json
contrast_ci,matched_eight_arm,A,paired_deltas_by_condition,,hybrid_kg_memory_4096,graphiti_memory_4096,post_update,,,exact_match,,33.33333333333333,16.666666666666664,50.0,24,12,2000,73,results/persona_joint_kimi_ab_a100_build1/surface_a/metrics.json
contrast_ci,matched_eight_arm,A,paired_deltas_by_condition,,hybrid_kg_memory_4096,graphiti_memory_4096,post_update,,,f1,,25.416666666666664,11.666666666666666,39.58333333333333,24,12,2000,73,results/persona_joint_kimi_ab_a100_build1/surface_a/metrics.json
contrast_ci,matched_eight_arm,A,paired_deltas_by_condition,,hybrid_kg_memory_16384,graphiti_memory_16384,post_update,,,exact_match,,41.66666666666667,16.666666666666664,66.66666666666666,24,12,2000,73,results/persona_joint_kimi_ab_a100_build1/surface_a/metrics.json
contrast_ci,matched_eight_arm,A,paired_deltas_by_condition,,hybrid_kg_memory_16384,graphiti_memory_16384,post_update,,,f1,,33.05555555555556,13.194444444444445,53.61111111111111,24,12,2000,73,results/persona_joint_kimi_ab_a100_build1/surface_a/metrics.json
contrast_ci,matched_eight_arm,A,paired_deltas_by_condition,,hybrid_kg_memory_4096,structured_memory_4096,post_update,,,exact_match,,33.33333333333333,12.5,58.333333333333336,24,12,2000,73,results/persona_joint_kimi_ab_a100_build1/surface_a/metrics.json
contrast_ci,matched_eight_arm,A,paired_deltas_by_condition,,hybrid_kg_memory_4096,structured_memory_4096,post_update,,,f1,,25.416666666666664,8.333333333333332,46.25,24,12,2000,73,results/persona_joint_kimi_ab_a100_build1/surface_a/metrics.json
contrast_ci,matched_eight_arm,A,paired_deltas_by_condition,,hybrid_kg_memory_16384,structured_memory_16384,post_update,,,exact_match,,45.83333333333333,25.0,70.83333333333334,24,12,2000,73,results/persona_joint_kimi_ab_a100_build1/surface_a/metrics.json
contrast_ci,matched_eight_arm,A,paired_deltas_by_condition,,hybrid_kg_memory_16384,structured_memory_16384,post_update,,,f1,,37.22222222222222,18.75,58.05555555555556,24,12,2000,73,results/persona_joint_kimi_ab_a100_build1/surface_a/metrics.json
contrast_ci,matched_eight_arm,A,paired_deltas_by_condition,,hybrid_kg_memory_4096,sliding_context_4096,pre_update,,,exact_match,,-20.833333333333336,-37.5,-4.166666666666666,24,12,2000,73,results/persona_joint_kimi_ab_a100_build1/surface_a/metrics.json
contrast_ci,matched_eight_arm,A,paired_deltas_by_condition,,hybrid_kg_memory_4096,sliding_context_4096,pre_update,,,f1,,-20.833333333333336,-37.5,-4.166666666666666,24,12,2000,73,results/persona_joint_kimi_ab_a100_build1/surface_a/metrics.json
contrast_ci,matched_eight_arm,A,paired_deltas_by_condition,,hybrid_kg_memory_16384,sliding_context_16384,pre_update,,,exact_match,,-20.833333333333336,-33.33333333333333,-8.333333333333332,24,12,2000,73,results/persona_joint_kimi_ab_a100_build1/surface_a/metrics.json
contrast_ci,matched_eight_arm,A,paired_deltas_by_condition,,hybrid_kg_memory_16384,sliding_context_16384,pre_update,,,f1,,-20.833333333333336,-33.33333333333333,-8.333333333333332,24,12,2000,73,results/persona_joint_kimi_ab_a100_build1/surface_a/metrics.json
contrast_ci,matched_eight_arm,A,paired_deltas_by_condition,,graphiti_memory_4096,sliding_context_4096,pre_update,,,exact_match,,4.166666666666666,-8.333333333333332,20.833333333333336,24,12,2000,73,results/persona_joint_kimi_ab_a100_build1/surface_a/metrics.json
contrast_ci,matched_eight_arm,A,paired_deltas_by_condition,,graphiti_memory_4096,sliding_context_4096,pre_update,,,f1,,4.166666666666666,-8.333333333333332,20.833333333333336,24,12,2000,73,results/persona_joint_kimi_ab_a100_build1/surface_a/metrics.json
contrast_ci,matched_eight_arm,A,paired_deltas_by_condition,,graphiti_memory_16384,sliding_context_16384,pre_update,,,exact_match,,-8.333333333333332,-20.833333333333336,0.0,24,12,2000,73,results/persona_joint_kimi_ab_a100_build1/surface_a/metrics.json
contrast_ci,matched_eight_arm,A,paired_deltas_by_condition,,graphiti_memory_16384,sliding_context_16384,pre_update,,,f1,,-8.333333333333332,-20.833333333333336,0.0,24,12,2000,73,results/persona_joint_kimi_ab_a100_build1/surface_a/metrics.json
contrast_ci,matched_eight_arm,A,paired_deltas_by_condition,,hybrid_kg_memory_4096,graphiti_memory_4096,pre_update,,,exact_match,,-25.0,-37.5,-12.5,24,12,2000,73,results/persona_joint_kimi_ab_a100_build1/surface_a/metrics.json
contrast_ci,matched_eight_arm,A,paired_deltas_by_condition,,hybrid_kg_memory_4096,graphiti_memory_4096,pre_update,,,f1,,-25.0,-37.5,-12.5,24,12,2000,73,results/persona_joint_kimi_ab_a100_build1/surface_a/metrics.json
contrast_ci,matched_eight_arm,A,paired_deltas_by_condition,,hybrid_kg_memory_16384,graphiti_memory_16384,pre_update,,,exact_match,,-12.5,-25.0,0.0,24,12,2000,73,results/persona_joint_kimi_ab_a100_build1/surface_a/metrics.json
contrast_ci,matched_eight_arm,A,paired_deltas_by_condition,,hybrid_kg_memory_16384,graphiti_memory_16384,pre_update,,,f1,,-12.5,-25.0,0.0,24,12,2000,73,results/persona_joint_kimi_ab_a100_build1/surface_a/metrics.json
contrast_ci,matched_eight_arm,A,paired_deltas_by_condition,,hybrid_kg_memory_4096,structured_memory_4096,pre_update,,,exact_match,,-20.833333333333336,-37.5,0.0,24,12,2000,73,results/persona_joint_kimi_ab_a100_build1/surface_a/metrics.json
contrast_ci,matched_eight_arm,A,paired_deltas_by_condition,,hybrid_kg_memory_4096,structured_memory_4096,pre_update,,,f1,,-20.833333333333336,-37.5,0.0,24,12,2000,73,results/persona_joint_kimi_ab_a100_build1/surface_a/metrics.json
contrast_ci,matched_eight_arm,A,paired_deltas_by_condition,,hybrid_kg_memory_16384,structured_memory_16384,pre_update,,,exact_match,,-20.833333333333336,-33.33333333333333,-8.333333333333332,24,12,2000,73,results/persona_joint_kimi_ab_a100_build1/surface_a/metrics.json
contrast_ci,matched_eight_arm,A,paired_deltas_by_condition,,hybrid_kg_memory_16384,structured_memory_16384,pre_update,,,f1,,-20.833333333333336,-33.33333333333333,-8.333333333333332,24,12,2000,73,results/persona_joint_kimi_ab_a100_build1/surface_a/metrics.json
contrast_ci,matched_eight_arm,A,paired_deltas_by_condition,,hybrid_kg_memory_4096,sliding_context_4096,token_distance_4096,,,exact_match,,54.166666666666664,41.66666666666667,66.66666666666666,24,12,2000,73,results/persona_joint_kimi_ab_a100_build1/surface_a/metrics.json
contrast_ci,matched_eight_arm,A,paired_deltas_by_condition,,hybrid_kg_memory_4096,sliding_context_4096,token_distance_4096,,,f1,,52.5,38.33333333333333,66.66666666666666,24,12,2000,73,results/persona_joint_kimi_ab_a100_build1/surface_a/metrics.json
contrast_ci,matched_eight_arm,A,paired_deltas_by_condition,,hybrid_kg_memory_16384,sliding_context_16384,token_distance_4096,,,exact_match,,33.33333333333333,12.5,58.333333333333336,24,12,2000,73,results/persona_joint_kimi_ab_a100_build1/surface_a/metrics.json
contrast_ci,matched_eight_arm,A,paired_deltas_by_condition,,hybrid_kg_memory_16384,sliding_context_16384,token_distance_4096,,,f1,,25.912698412698415,8.630952380952381,46.051587301587304,24,12,2000,73,results/persona_joint_kimi_ab_a100_build1/surface_a/metrics.json
contrast_ci,matched_eight_arm,A,paired_deltas_by_condition,,graphiti_memory_4096,sliding_context_4096,token_distance_4096,,,exact_match,,8.333333333333332,0.0,20.833333333333336,24,12,2000,73,results/persona_joint_kimi_ab_a100_build1/surface_a/metrics.json
contrast_ci,matched_eight_arm,A,paired_deltas_by_condition,,graphiti_memory_4096,sliding_context_4096,token_distance_4096,,,f1,,14.583333333333334,4.166666666666666,26.38888888888889,24,12,2000,73,results/persona_joint_kimi_ab_a100_build1/surface_a/metrics.json
contrast_ci,matched_eight_arm,A,paired_deltas_by_condition,,graphiti_memory_16384,sliding_context_16384,token_distance_4096,,,exact_match,,4.166666666666666,0.0,12.5,24,12,2000,73,results/persona_joint_kimi_ab_a100_build1/surface_a/metrics.json
contrast_ci,matched_eight_arm,A,paired_deltas_by_condition,,graphiti_memory_16384,sliding_context_16384,token_distance_4096,,,f1,,2.083333333333333,0.0,6.25,24,12,2000,73,results/persona_joint_kimi_ab_a100_build1/surface_a/metrics.json
contrast_ci,matched_eight_arm,A,paired_deltas_by_condition,,hybrid_kg_memory_4096,graphiti_memory_4096,token_distance_4096,,,exact_match,,45.83333333333333,33.33333333333333,58.333333333333336,24,12,2000,73,results/persona_joint_kimi_ab_a100_build1/surface_a/metrics.json
contrast_ci,matched_eight_arm,A,paired_deltas_by_condition,,hybrid_kg_memory_4096,graphiti_memory_4096,token_distance_4096,,,f1,,37.916666666666664,22.77777777777778,53.47222222222222,24,12,2000,73,results/persona_joint_kimi_ab_a100_build1/surface_a/metrics.json
contrast_ci,matched_eight_arm,A,paired_deltas_by_condition,,hybrid_kg_memory_16384,graphiti_memory_16384,token_distance_4096,,,exact_match,,29.166666666666668,8.333333333333332,50.0,24,12,2000,73,results/persona_joint_kimi_ab_a100_build1/surface_a/metrics.json
contrast_ci,matched_eight_arm,A,paired_deltas_by_condition,,hybrid_kg_memory_16384,graphiti_memory_16384,token_distance_4096,,,f1,,23.82936507936508,7.936507936507938,41.80555555555556,24,12,2000,73,results/persona_joint_kimi_ab_a100_build1/surface_a/metrics.json
contrast_ci,matched_eight_arm,A,paired_deltas_by_condition,,hybrid_kg_memory_4096,structured_memory_4096,token_distance_4096,,,exact_match,,20.833333333333336,0.0,41.66666666666667,24,12,2000,73,results/persona_joint_kimi_ab_a100_build1/surface_a/metrics.json
contrast_ci,matched_eight_arm,A,paired_deltas_by_condition,,hybrid_kg_memory_4096,structured_memory_4096,token_distance_4096,,,f1,,24.166666666666668,5.0,42.91666666666667,24,12,2000,73,results/persona_joint_kimi_ab_a100_build1/surface_a/metrics.json
contrast_ci,matched_eight_arm,A,paired_deltas_by_condition,,hybrid_kg_memory_16384,structured_memory_16384,token_distance_4096,,,exact_match,,20.833333333333336,8.333333333333332,33.33333333333333,24,12,2000,73,results/persona_joint_kimi_ab_a100_build1/surface_a/metrics.json
contrast_ci,matched_eight_arm,A,paired_deltas_by_condition,,hybrid_kg_memory_16384,structured_memory_16384,token_distance_4096,,,f1,,18.551587301587304,7.440476190476191,31.051587301587304,24,12,2000,73,results/persona_joint_kimi_ab_a100_build1/surface_a/metrics.json
contrast_ci,matched_eight_arm,A,paired_deltas_by_condition,,hybrid_kg_memory_4096,sliding_context_4096,token_distance_8192,,,exact_match,,50.0,37.5,62.5,24,12,2000,73,results/persona_joint_kimi_ab_a100_build1/surface_a/metrics.json
contrast_ci,matched_eight_arm,A,paired_deltas_by_condition,,hybrid_kg_memory_4096,sliding_context_4096,token_distance_8192,,,f1,,51.388888888888886,41.66666666666667,63.05555555555556,24,12,2000,73,results/persona_joint_kimi_ab_a100_build1/surface_a/metrics.json
contrast_ci,matched_eight_arm,A,paired_deltas_by_condition,,hybrid_kg_memory_16384,sliding_context_16384,token_distance_8192,,,exact_match,,25.0,8.333333333333332,45.83333333333333,24,12,2000,73,results/persona_joint_kimi_ab_a100_build1/surface_a/metrics.json
contrast_ci,matched_eight_arm,A,paired_deltas_by_condition,,hybrid_kg_memory_16384,sliding_context_16384,token_distance_8192,,,f1,,17.77777777777778,3.6111111111111116,33.19444444444444,24,12,2000,73,results/persona_joint_kimi_ab_a100_build1/surface_a/metrics.json
contrast_ci,matched_eight_arm,A,paired_deltas_by_condition,,graphiti_memory_4096,sliding_context_4096,token_distance_8192,,,exact_match,,8.333333333333332,0.0,20.833333333333336,24,12,2000,73,results/persona_joint_kimi_ab_a100_build1/surface_a/metrics.json
contrast_ci,matched_eight_arm,A,paired_deltas_by_condition,,graphiti_memory_4096,sliding_context_4096,token_distance_8192,,,f1,,11.11111111111111,2.5,21.11111111111111,24,12,2000,73,results/persona_joint_kimi_ab_a100_build1/surface_a/metrics.json
contrast_ci,matched_eight_arm,A,paired_deltas_by_condition,,graphiti_memory_16384,sliding_context_16384,token_distance_8192,,,exact_match,,8.333333333333332,0.0,20.833333333333336,24,12,2000,73,results/persona_joint_kimi_ab_a100_build1/surface_a/metrics.json
contrast_ci,matched_eight_arm,A,paired_deltas_by_condition,,graphiti_memory_16384,sliding_context_16384,token_distance_8192,,,f1,,3.194444444444445,-5.138888888888888,11.25,24,12,2000,73,results/persona_joint_kimi_ab_a100_build1/surface_a/metrics.json
contrast_ci,matched_eight_arm,A,paired_deltas_by_condition,,hybrid_kg_memory_4096,graphiti_memory_4096,token_distance_8192,,,exact_match,,41.66666666666667,25.0,58.333333333333336,24,12,2000,73,results/persona_joint_kimi_ab_a100_build1/surface_a/metrics.json
contrast_ci,matched_eight_arm,A,paired_deltas_by_condition,,hybrid_kg_memory_4096,graphiti_memory_4096,token_distance_8192,,,f1,,40.27777777777778,22.22222222222222,57.49999999999999,24,12,2000,73,results/persona_joint_kimi_ab_a100_build1/surface_a/metrics.json
contrast_ci,matched_eight_arm,A,paired_deltas_by_condition,,hybrid_kg_memory_16384,graphiti_memory_16384,token_distance_8192,,,exact_match,,16.666666666666664,-4.166666666666666,37.5,24,12,2000,73,results/persona_joint_kimi_ab_a100_build1/surface_a/metrics.json
contrast_ci,matched_eight_arm,A,paired_deltas_by_condition,,hybrid_kg_memory_16384,graphiti_memory_16384,token_distance_8192,,,f1,,14.583333333333334,-4.166666666666666,32.08333333333333,24,12,2000,73,results/persona_joint_kimi_ab_a100_build1/surface_a/metrics.json
contrast_ci,matched_eight_arm,A,paired_deltas_by_condition,,hybrid_kg_memory_4096,structured_memory_4096,token_distance_8192,,,exact_match,,4.166666666666666,-8.333333333333332,20.833333333333336,24,12,2000,73,results/persona_joint_kimi_ab_a100_build1/surface_a/metrics.json
contrast_ci,matched_eight_arm,A,paired_deltas_by_condition,,hybrid_kg_memory_4096,structured_memory_4096,token_distance_8192,,,f1,,7.222222222222221,-4.166666666666668,20.833333333333336,24,12,2000,73,results/persona_joint_kimi_ab_a100_build1/surface_a/metrics.json
contrast_ci,matched_eight_arm,A,paired_deltas_by_condition,,hybrid_kg_memory_16384,structured_memory_16384,token_distance_8192,,,exact_match,,12.5,0.0,25.0,24,12,2000,73,results/persona_joint_kimi_ab_a100_build1/surface_a/metrics.json
contrast_ci,matched_eight_arm,A,paired_deltas_by_condition,,hybrid_kg_memory_16384,structured_memory_16384,token_distance_8192,,,f1,,10.416666666666668,0.0,22.916666666666664,24,12,2000,73,results/persona_joint_kimi_ab_a100_build1/surface_a/metrics.json
contrast_ci,matched_eight_arm,A,paired_deltas_by_query_family,,hybrid_kg_memory_4096,sliding_context_4096,,preference_change,,exact_match,,6.666666666666667,-6.666666666666667,21.666666666666668,60,12,2000,73,results/persona_joint_kimi_ab_a100_build1/surface_a/metrics.json
contrast_ci,matched_eight_arm,A,paired_deltas_by_query_family,,hybrid_kg_memory_4096,sliding_context_4096,,preference_change,,f1,,8.666666666666668,-4.5,23.0,60,12,2000,73,results/persona_joint_kimi_ab_a100_build1/surface_a/metrics.json
contrast_ci,matched_eight_arm,A,paired_deltas_by_query_family,,hybrid_kg_memory_16384,sliding_context_16384,,preference_change,,exact_match,,10.0,-3.3333333333333335,23.333333333333332,60,12,2000,73,results/persona_joint_kimi_ab_a100_build1/surface_a/metrics.json
contrast_ci,matched_eight_arm,A,paired_deltas_by_query_family,,hybrid_kg_memory_16384,sliding_context_16384,,preference_change,,f1,,10.476190476190476,-4.666666666666667,25.476190476190474,60,12,2000,73,results/persona_joint_kimi_ab_a100_build1/surface_a/metrics.json
contrast_ci,matched_eight_arm,A,paired_deltas_by_query_family,,graphiti_memory_4096,sliding_context_4096,,preference_change,,exact_match,,5.0,-3.3333333333333335,15.0,60,12,2000,73,results/persona_joint_kimi_ab_a100_build1/surface_a/metrics.json
contrast_ci,matched_eight_arm,A,paired_deltas_by_query_family,,graphiti_memory_4096,sliding_context_4096,,preference_change,,f1,,5.0,-3.3333333333333335,15.0,60,12,2000,73,results/persona_joint_kimi_ab_a100_build1/surface_a/metrics.json
contrast_ci,matched_eight_arm,A,paired_deltas_by_query_family,,graphiti_memory_16384,sliding_context_16384,,preference_change,,exact_match,,0.0,-6.666666666666667,6.666666666666667,60,12,2000,73,results/persona_joint_kimi_ab_a100_build1/surface_a/metrics.json
contrast_ci,matched_eight_arm,A,paired_deltas_by_query_family,,graphiti_memory_16384,sliding_context_16384,,preference_change,,f1,,-0.6666666666666667,-6.666666666666667,5.0,60,12,2000,73,results/persona_joint_kimi_ab_a100_build1/surface_a/metrics.json
contrast_ci,matched_eight_arm,A,paired_deltas_by_query_family,,hybrid_kg_memory_4096,graphiti_memory_4096,,preference_change,,exact_match,,1.6666666666666667,-10.0,15.0,60,12,2000,73,results/persona_joint_kimi_ab_a100_build1/surface_a/metrics.json
contrast_ci,matched_eight_arm,A,paired_deltas_by_query_family,,hybrid_kg_memory_4096,graphiti_memory_4096,,preference_change,,f1,,3.6666666666666665,-7.333333333333333,16.166666666666668,60,12,2000,73,results/persona_joint_kimi_ab_a100_build1/surface_a/metrics.json
contrast_ci,matched_eight_arm,A,paired_deltas_by_query_family,,hybrid_kg_memory_16384,graphiti_memory_16384,,preference_change,,exact_match,,10.0,-5.0,23.333333333333332,60,12,2000,73,results/persona_joint_kimi_ab_a100_build1/surface_a/metrics.json
contrast_ci,matched_eight_arm,A,paired_deltas_by_query_family,,hybrid_kg_memory_16384,graphiti_memory_16384,,preference_change,,f1,,11.142857142857142,-3.3333333333333335,24.952380952380953,60,12,2000,73,results/persona_joint_kimi_ab_a100_build1/surface_a/metrics.json
contrast_ci,matched_eight_arm,A,paired_deltas_by_query_family,,hybrid_kg_memory_4096,structured_memory_4096,,preference_change,,exact_match,,-1.6666666666666667,-13.333333333333334,13.333333333333334,60,12,2000,73,results/persona_joint_kimi_ab_a100_build1/surface_a/metrics.json
contrast_ci,matched_eight_arm,A,paired_deltas_by_query_family,,hybrid_kg_memory_4096,structured_memory_4096,,preference_change,,f1,,0.3333333333333334,-11.666666666666666,14.833333333333334,60,12,2000,73,results/persona_joint_kimi_ab_a100_build1/surface_a/metrics.json
contrast_ci,matched_eight_arm,A,paired_deltas_by_query_family,,hybrid_kg_memory_16384,structured_memory_16384,,preference_change,,exact_match,,10.0,-3.3333333333333335,25.0,60,12,2000,73,results/persona_joint_kimi_ab_a100_build1/surface_a/metrics.json
contrast_ci,matched_eight_arm,A,paired_deltas_by_query_family,,hybrid_kg_memory_16384,structured_memory_16384,,preference_change,,f1,,10.476190476190476,-4.333333333333334,26.0,60,12,2000,73,results/persona_joint_kimi_ab_a100_build1/surface_a/metrics.json
contrast_ci,matched_eight_arm,A,paired_deltas_by_query_family,,hybrid_kg_memory_4096,sliding_context_4096,,preference_incongruity,,exact_match,,66.66666666666666,58.333333333333336,75.0,60,12,2000,73,results/persona_joint_kimi_ab_a100_build1/surface_a/metrics.json
contrast_ci,matched_eight_arm,A,paired_deltas_by_query_family,,hybrid_kg_memory_4096,sliding_context_4096,,preference_incongruity,,f1,,62.05555555555555,56.111111111111114,69.0,60,12,2000,73,results/persona_joint_kimi_ab_a100_build1/surface_a/metrics.json
contrast_ci,matched_eight_arm,A,paired_deltas_by_query_family,,hybrid_kg_memory_16384,sliding_context_16384,,preference_incongruity,,exact_match,,33.33333333333333,18.333333333333332,50.0,60,12,2000,73,results/persona_joint_kimi_ab_a100_build1/surface_a/metrics.json
contrast_ci,matched_eight_arm,A,paired_deltas_by_query_family,,hybrid_kg_memory_16384,sliding_context_16384,,preference_incongruity,,f1,,23.38888888888889,14.666666666666666,32.111111111111114,60,12,2000,73,results/persona_joint_kimi_ab_a100_build1/surface_a/metrics.json
contrast_ci,matched_eight_arm,A,paired_deltas_by_query_family,,graphiti_memory_4096,sliding_context_4096,,preference_incongruity,,exact_match,,11.666666666666666,1.6666666666666667,23.333333333333332,60,12,2000,73,results/persona_joint_kimi_ab_a100_build1/surface_a/metrics.json
contrast_ci,matched_eight_arm,A,paired_deltas_by_query_family,,graphiti_memory_4096,sliding_context_4096,,preference_incongruity,,f1,,17.888888888888886,8.0,29.055555555555557,60,12,2000,73,results/persona_joint_kimi_ab_a100_build1/surface_a/metrics.json
contrast_ci,matched_eight_arm,A,paired_deltas_by_query_family,,graphiti_memory_16384,sliding_context_16384,,preference_incongruity,,exact_match,,5.0,0.0,10.0,60,12,2000,73,results/persona_joint_kimi_ab_a100_build1/surface_a/metrics.json
contrast_ci,matched_eight_arm,A,paired_deltas_by_query_family,,graphiti_memory_16384,sliding_context_16384,,preference_incongruity,,f1,,5.222222222222222,1.6666666666666667,9.222222222222221,60,12,2000,73,results/persona_joint_kimi_ab_a100_build1/surface_a/metrics.json
contrast_ci,matched_eight_arm,A,paired_deltas_by_query_family,,hybrid_kg_memory_4096,graphiti_memory_4096,,preference_incongruity,,exact_match,,55.00000000000001,41.66666666666667,66.66666666666666,60,12,2000,73,results/persona_joint_kimi_ab_a100_build1/surface_a/metrics.json
contrast_ci,matched_eight_arm,A,paired_deltas_by_query_family,,hybrid_kg_memory_4096,graphiti_memory_4096,,preference_incongruity,,f1,,44.166666666666664,30.777777777777775,56.166666666666664,60,12,2000,73,results/persona_joint_kimi_ab_a100_build1/surface_a/metrics.json
contrast_ci,matched_eight_arm,A,paired_deltas_by_query_family,,hybrid_kg_memory_16384,graphiti_memory_16384,,preference_incongruity,,exact_match,,28.333333333333332,13.333333333333334,43.333333333333336,60,12,2000,73,results/persona_joint_kimi_ab_a100_build1/surface_a/metrics.json
contrast_ci,matched_eight_arm,A,paired_deltas_by_query_family,,hybrid_kg_memory_16384,graphiti_memory_16384,,preference_incongruity,,f1,,18.166666666666668,9.666666666666668,26.611111111111114,60,12,2000,73,results/persona_joint_kimi_ab_a100_build1/surface_a/metrics.json
contrast_ci,matched_eight_arm,A,paired_deltas_by_query_family,,hybrid_kg_memory_4096,structured_memory_4096,,preference_incongruity,,exact_match,,15.0,5.0,28.333333333333332,60,12,2000,73,results/persona_joint_kimi_ab_a100_build1/surface_a/metrics.json
contrast_ci,matched_eight_arm,A,paired_deltas_by_query_family,,hybrid_kg_memory_4096,structured_memory_4096,,preference_incongruity,,f1,,13.055555555555557,3.888888888888889,23.88888888888889,60,12,2000,73,results/persona_joint_kimi_ab_a100_build1/surface_a/metrics.json
contrast_ci,matched_eight_arm,A,paired_deltas_by_query_family,,hybrid_kg_memory_16384,structured_memory_16384,,preference_incongruity,,exact_match,,11.666666666666666,0.0,23.333333333333332,60,12,2000,73,results/persona_joint_kimi_ab_a100_build1/surface_a/metrics.json
contrast_ci,matched_eight_arm,A,paired_deltas_by_query_family,,hybrid_kg_memory_16384,structured_memory_16384,,preference_incongruity,,f1,,6.666666666666667,0.22222222222222252,13.555555555555557,60,12,2000,73,results/persona_joint_kimi_ab_a100_build1/surface_a/metrics.json
contrast_ci,matched_eight_arm,A,paired_deltas_by_condition_query_family,,hybrid_kg_memory_4096,sliding_context_4096,delayed_probe,preference_change,,exact_match,,33.33333333333333,8.333333333333332,58.333333333333336,12,12,2000,73,results/persona_joint_kimi_ab_a100_build1/surface_a/metrics.json
contrast_ci,matched_eight_arm,A,paired_deltas_by_condition_query_family,,hybrid_kg_memory_4096,sliding_context_4096,delayed_probe,preference_change,,f1,,36.66666666666667,11.666666666666666,61.66666666666667,12,12,2000,73,results/persona_joint_kimi_ab_a100_build1/surface_a/metrics.json
contrast_ci,matched_eight_arm,A,paired_deltas_by_condition_query_family,,hybrid_kg_memory_16384,sliding_context_16384,delayed_probe,preference_change,,exact_match,,0.0,0.0,0.0,12,12,2000,73,results/persona_joint_kimi_ab_a100_build1/surface_a/metrics.json
contrast_ci,matched_eight_arm,A,paired_deltas_by_condition_query_family,,hybrid_kg_memory_16384,sliding_context_16384,delayed_probe,preference_change,,f1,,0.0,0.0,0.0,12,12,2000,73,results/persona_joint_kimi_ab_a100_build1/surface_a/metrics.json
contrast_ci,matched_eight_arm,A,paired_deltas_by_condition_query_family,,graphiti_memory_4096,sliding_context_4096,delayed_probe,preference_change,,exact_match,,25.0,0.0,50.0,12,12,2000,73,results/persona_joint_kimi_ab_a100_build1/surface_a/metrics.json
contrast_ci,matched_eight_arm,A,paired_deltas_by_condition_query_family,,graphiti_memory_4096,sliding_context_4096,delayed_probe,preference_change,,f1,,25.0,0.0,50.0,12,12,2000,73,results/persona_joint_kimi_ab_a100_build1/surface_a/metrics.json
contrast_ci,matched_eight_arm,A,paired_deltas_by_condition_query_family,,graphiti_memory_16384,sliding_context_16384,delayed_probe,preference_change,,exact_match,,0.0,0.0,0.0,12,12,2000,73,results/persona_joint_kimi_ab_a100_build1/surface_a/metrics.json
contrast_ci,matched_eight_arm,A,paired_deltas_by_condition_query_family,,graphiti_memory_16384,sliding_context_16384,delayed_probe,preference_change,,f1,,0.0,0.0,0.0,12,12,2000,73,results/persona_joint_kimi_ab_a100_build1/surface_a/metrics.json
contrast_ci,matched_eight_arm,A,paired_deltas_by_condition_query_family,,hybrid_kg_memory_4096,graphiti_memory_4096,delayed_probe,preference_change,,exact_match,,8.333333333333332,-25.0,41.66666666666667,12,12,2000,73,results/persona_joint_kimi_ab_a100_build1/surface_a/metrics.json
contrast_ci,matched_eight_arm,A,paired_deltas_by_condition_query_family,,hybrid_kg_memory_4096,graphiti_memory_4096,delayed_probe,preference_change,,f1,,11.666666666666666,-25.0,46.666666666666664,12,12,2000,73,results/persona_joint_kimi_ab_a100_build1/surface_a/metrics.json
contrast_ci,matched_eight_arm,A,paired_deltas_by_condition_query_family,,hybrid_kg_memory_16384,graphiti_memory_16384,delayed_probe,preference_change,,exact_match,,0.0,0.0,0.0,12,12,2000,73,results/persona_joint_kimi_ab_a100_build1/surface_a/metrics.json
contrast_ci,matched_eight_arm,A,paired_deltas_by_condition_query_family,,hybrid_kg_memory_16384,graphiti_memory_16384,delayed_probe,preference_change,,f1,,0.0,0.0,0.0,12,12,2000,73,results/persona_joint_kimi_ab_a100_build1/surface_a/metrics.json
contrast_ci,matched_eight_arm,A,paired_deltas_by_condition_query_family,,hybrid_kg_memory_4096,structured_memory_4096,delayed_probe,preference_change,,exact_match,,-8.333333333333332,-50.0,33.33333333333333,12,12,2000,73,results/persona_joint_kimi_ab_a100_build1/surface_a/metrics.json
contrast_ci,matched_eight_arm,A,paired_deltas_by_condition_query_family,,hybrid_kg_memory_4096,structured_memory_4096,delayed_probe,preference_change,,f1,,-5.0,-43.333333333333336,36.66666666666667,12,12,2000,73,results/persona_joint_kimi_ab_a100_build1/surface_a/metrics.json
contrast_ci,matched_eight_arm,A,paired_deltas_by_condition_query_family,,hybrid_kg_memory_16384,structured_memory_16384,delayed_probe,preference_change,,exact_match,,0.0,0.0,0.0,12,12,2000,73,results/persona_joint_kimi_ab_a100_build1/surface_a/metrics.json
contrast_ci,matched_eight_arm,A,paired_deltas_by_condition_query_family,,hybrid_kg_memory_16384,structured_memory_16384,delayed_probe,preference_change,,f1,,0.0,0.0,0.0,12,12,2000,73,results/persona_joint_kimi_ab_a100_build1/surface_a/metrics.json
contrast_ci,matched_eight_arm,A,paired_deltas_by_condition_query_family,,hybrid_kg_memory_4096,sliding_context_4096,delayed_probe,preference_incongruity,,exact_match,,100.0,100.0,100.0,12,12,2000,73,results/persona_joint_kimi_ab_a100_build1/surface_a/metrics.json
contrast_ci,matched_eight_arm,A,paired_deltas_by_condition_query_family,,hybrid_kg_memory_4096,sliding_context_4096,delayed_probe,preference_incongruity,,f1,,100.0,100.0,100.0,12,12,2000,73,results/persona_joint_kimi_ab_a100_build1/surface_a/metrics.json
contrast_ci,matched_eight_arm,A,paired_deltas_by_condition_query_family,,hybrid_kg_memory_16384,sliding_context_16384,delayed_probe,preference_incongruity,,exact_match,,50.0,25.0,83.33333333333334,12,12,2000,73,results/persona_joint_kimi_ab_a100_build1/surface_a/metrics.json
contrast_ci,matched_eight_arm,A,paired_deltas_by_condition_query_family,,hybrid_kg_memory_16384,sliding_context_16384,delayed_probe,preference_incongruity,,f1,,49.16666666666667,24.166666666666668,75.0,12,12,2000,73,results/persona_joint_kimi_ab_a100_build1/surface_a/metrics.json
contrast_ci,matched_eight_arm,A,paired_deltas_by_condition_query_family,,graphiti_memory_4096,sliding_context_4096,delayed_probe,preference_incongruity,,exact_match,,16.666666666666664,0.0,41.66666666666667,12,12,2000,73,results/persona_joint_kimi_ab_a100_build1/surface_a/metrics.json
contrast_ci,matched_eight_arm,A,paired_deltas_by_condition_query_family,,graphiti_memory_4096,sliding_context_4096,delayed_probe,preference_incongruity,,f1,,29.72222222222222,8.333333333333332,52.5,12,12,2000,73,results/persona_joint_kimi_ab_a100_build1/surface_a/metrics.json
contrast_ci,matched_eight_arm,A,paired_deltas_by_condition_query_family,,graphiti_memory_16384,sliding_context_16384,delayed_probe,preference_incongruity,,exact_match,,8.333333333333332,0.0,25.0,12,12,2000,73,results/persona_joint_kimi_ab_a100_build1/surface_a/metrics.json
contrast_ci,matched_eight_arm,A,paired_deltas_by_condition_query_family,,graphiti_memory_16384,sliding_context_16384,delayed_probe,preference_incongruity,,f1,,20.555555555555554,3.3333333333333335,40.55555555555556,12,12,2000,73,results/persona_joint_kimi_ab_a100_build1/surface_a/metrics.json
contrast_ci,matched_eight_arm,A,paired_deltas_by_condition_query_family,,hybrid_kg_memory_4096,graphiti_memory_4096,delayed_probe,preference_incongruity,,exact_match,,83.33333333333334,58.333333333333336,100.0,12,12,2000,73,results/persona_joint_kimi_ab_a100_build1/surface_a/metrics.json
contrast_ci,matched_eight_arm,A,paired_deltas_by_condition_query_family,,hybrid_kg_memory_4096,graphiti_memory_4096,delayed_probe,preference_incongruity,,f1,,70.27777777777777,46.666666666666664,91.11111111111111,12,12,2000,73,results/persona_joint_kimi_ab_a100_build1/surface_a/metrics.json
contrast_ci,matched_eight_arm,A,paired_deltas_by_condition_query_family,,hybrid_kg_memory_16384,graphiti_memory_16384,delayed_probe,preference_incongruity,,exact_match,,41.66666666666667,16.666666666666664,66.66666666666666,12,12,2000,73,results/persona_joint_kimi_ab_a100_build1/surface_a/metrics.json
contrast_ci,matched_eight_arm,A,paired_deltas_by_condition_query_family,,hybrid_kg_memory_16384,graphiti_memory_16384,delayed_probe,preference_incongruity,,f1,,28.61111111111111,11.666666666666666,47.5,12,12,2000,73,results/persona_joint_kimi_ab_a100_build1/surface_a/metrics.json
contrast_ci,matched_eight_arm,A,paired_deltas_by_condition_query_family,,hybrid_kg_memory_4096,structured_memory_4096,delayed_probe,preference_incongruity,,exact_match,,0.0,0.0,0.0,12,12,2000,73,results/persona_joint_kimi_ab_a100_build1/surface_a/metrics.json
contrast_ci,matched_eight_arm,A,paired_deltas_by_condition_query_family,,hybrid_kg_memory_4096,structured_memory_4096,delayed_probe,preference_incongruity,,f1,,0.0,0.0,0.0,12,12,2000,73,results/persona_joint_kimi_ab_a100_build1/surface_a/metrics.json
contrast_ci,matched_eight_arm,A,paired_deltas_by_condition_query_family,,hybrid_kg_memory_16384,structured_memory_16384,delayed_probe,preference_incongruity,,exact_match,,-8.333333333333332,-25.0,0.0,12,12,2000,73,results/persona_joint_kimi_ab_a100_build1/surface_a/metrics.json
contrast_ci,matched_eight_arm,A,paired_deltas_by_condition_query_family,,hybrid_kg_memory_16384,structured_memory_16384,delayed_probe,preference_incongruity,,f1,,-5.0,-15.0,0.0,12,12,2000,73,results/persona_joint_kimi_ab_a100_build1/surface_a/metrics.json
contrast_ci,matched_eight_arm,A,paired_deltas_by_condition_query_family,,hybrid_kg_memory_4096,sliding_context_4096,post_update,preference_change,,exact_match,,33.33333333333333,8.333333333333332,58.333333333333336,12,12,2000,73,results/persona_joint_kimi_ab_a100_build1/surface_a/metrics.json
contrast_ci,matched_eight_arm,A,paired_deltas_by_condition_query_family,,hybrid_kg_memory_4096,sliding_context_4096,post_update,preference_change,,f1,,30.0,8.333333333333332,55.00000000000001,12,12,2000,73,results/persona_joint_kimi_ab_a100_build1/surface_a/metrics.json
contrast_ci,matched_eight_arm,A,paired_deltas_by_condition_query_family,,hybrid_kg_memory_16384,sliding_context_16384,post_update,preference_change,,exact_match,,50.0,25.0,75.0,12,12,2000,73,results/persona_joint_kimi_ab_a100_build1/surface_a/metrics.json
contrast_ci,matched_eight_arm,A,paired_deltas_by_condition_query_family,,hybrid_kg_memory_16384,sliding_context_16384,post_update,preference_change,,f1,,50.0,25.0,75.0,12,12,2000,73,results/persona_joint_kimi_ab_a100_build1/surface_a/metrics.json
contrast_ci,matched_eight_arm,A,paired_deltas_by_condition_query_family,,graphiti_memory_4096,sliding_context_4096,post_update,preference_change,,exact_match,,0.0,-25.0,25.0,12,12,2000,73,results/persona_joint_kimi_ab_a100_build1/surface_a/metrics.json
contrast_ci,matched_eight_arm,A,paired_deltas_by_condition_query_family,,graphiti_memory_4096,sliding_context_4096,post_update,preference_change,,f1,,0.0,-25.0,25.0,12,12,2000,73,results/persona_joint_kimi_ab_a100_build1/surface_a/metrics.json
contrast_ci,matched_eight_arm,A,paired_deltas_by_condition_query_family,,graphiti_memory_16384,sliding_context_16384,post_update,preference_change,,exact_match,,8.333333333333332,0.0,25.0,12,12,2000,73,results/persona_joint_kimi_ab_a100_build1/surface_a/metrics.json
contrast_ci,matched_eight_arm,A,paired_deltas_by_condition_query_family,,graphiti_memory_16384,sliding_context_16384,post_update,preference_change,,f1,,8.333333333333332,0.0,25.0,12,12,2000,73,results/persona_joint_kimi_ab_a100_build1/surface_a/metrics.json
contrast_ci,matched_eight_arm,A,paired_deltas_by_condition_query_family,,hybrid_kg_memory_4096,graphiti_memory_4096,post_update,preference_change,,exact_match,,33.33333333333333,8.333333333333332,58.333333333333336,12,12,2000,73,results/persona_joint_kimi_ab_a100_build1/surface_a/metrics.json
contrast_ci,matched_eight_arm,A,paired_deltas_by_condition_query_family,,hybrid_kg_memory_4096,graphiti_memory_4096,post_update,preference_change,,f1,,30.0,8.333333333333332,55.00000000000001,12,12,2000,73,results/persona_joint_kimi_ab_a100_build1/surface_a/metrics.json
contrast_ci,matched_eight_arm,A,paired_deltas_by_condition_query_family,,hybrid_kg_memory_16384,graphiti_memory_16384,post_update,preference_change,,exact_match,,41.66666666666667,16.666666666666664,66.66666666666666,12,12,2000,73,results/persona_joint_kimi_ab_a100_build1/surface_a/metrics.json
contrast_ci,matched_eight_arm,A,paired_deltas_by_condition_query_family,,hybrid_kg_memory_16384,graphiti_memory_16384,post_update,preference_change,,f1,,41.66666666666667,16.666666666666664,66.66666666666666,12,12,2000,73,results/persona_joint_kimi_ab_a100_build1/surface_a/metrics.json
contrast_ci,matched_eight_arm,A,paired_deltas_by_condition_query_family,,hybrid_kg_memory_4096,structured_memory_4096,post_update,preference_change,,exact_match,,33.33333333333333,8.333333333333332,58.333333333333336,12,12,2000,73,results/persona_joint_kimi_ab_a100_build1/surface_a/metrics.json
contrast_ci,matched_eight_arm,A,paired_deltas_by_condition_query_family,,hybrid_kg_memory_4096,structured_memory_4096,post_update,preference_change,,f1,,30.0,8.333333333333332,58.333333333333336,12,12,2000,73,results/persona_joint_kimi_ab_a100_build1/surface_a/metrics.json
contrast_ci,matched_eight_arm,A,paired_deltas_by_condition_query_family,,hybrid_kg_memory_16384,structured_memory_16384,post_update,preference_change,,exact_match,,50.0,25.0,75.0,12,12,2000,73,results/persona_joint_kimi_ab_a100_build1/surface_a/metrics.json
contrast_ci,matched_eight_arm,A,paired_deltas_by_condition_query_family,,hybrid_kg_memory_16384,structured_memory_16384,post_update,preference_change,,f1,,50.0,25.0,75.0,12,12,2000,73,results/persona_joint_kimi_ab_a100_build1/surface_a/metrics.json
contrast_ci,matched_eight_arm,A,paired_deltas_by_condition_query_family,,hybrid_kg_memory_4096,sliding_context_4096,post_update,preference_incongruity,,exact_match,,33.33333333333333,8.333333333333332,58.333333333333336,12,12,2000,73,results/persona_joint_kimi_ab_a100_build1/surface_a/metrics.json
contrast_ci,matched_eight_arm,A,paired_deltas_by_condition_query_family,,hybrid_kg_memory_4096,sliding_context_4096,post_update,preference_incongruity,,f1,,20.833333333333336,4.166666666666666,37.5,12,12,2000,73,results/persona_joint_kimi_ab_a100_build1/surface_a/metrics.json
contrast_ci,matched_eight_arm,A,paired_deltas_by_condition_query_family,,hybrid_kg_memory_16384,sliding_context_16384,post_update,preference_incongruity,,exact_match,,41.66666666666667,16.666666666666664,66.66666666666666,12,12,2000,73,results/persona_joint_kimi_ab_a100_build1/surface_a/metrics.json
contrast_ci,matched_eight_arm,A,paired_deltas_by_condition_query_family,,hybrid_kg_memory_16384,sliding_context_16384,post_update,preference_incongruity,,f1,,24.444444444444446,9.166666666666666,41.111111111111114,12,12,2000,73,results/persona_joint_kimi_ab_a100_build1/surface_a/metrics.json
contrast_ci,matched_eight_arm,A,paired_deltas_by_condition_query_family,,graphiti_memory_4096,sliding_context_4096,post_update,preference_incongruity,,exact_match,,0.0,0.0,0.0,12,12,2000,73,results/persona_joint_kimi_ab_a100_build1/surface_a/metrics.json
contrast_ci,matched_eight_arm,A,paired_deltas_by_condition_query_family,,graphiti_memory_4096,sliding_context_4096,post_update,preference_incongruity,,f1,,0.0,0.0,0.0,12,12,2000,73,results/persona_joint_kimi_ab_a100_build1/surface_a/metrics.json
contrast_ci,matched_eight_arm,A,paired_deltas_by_condition_query_family,,graphiti_memory_16384,sliding_context_16384,post_update,preference_incongruity,,exact_match,,0.0,0.0,0.0,12,12,2000,73,results/persona_joint_kimi_ab_a100_build1/surface_a/metrics.json
contrast_ci,matched_eight_arm,A,paired_deltas_by_condition_query_family,,graphiti_memory_16384,sliding_context_16384,post_update,preference_incongruity,,f1,,0.0,0.0,0.0,12,12,2000,73,results/persona_joint_kimi_ab_a100_build1/surface_a/metrics.json
contrast_ci,matched_eight_arm,A,paired_deltas_by_condition_query_family,,hybrid_kg_memory_4096,graphiti_memory_4096,post_update,preference_incongruity,,exact_match,,33.33333333333333,8.333333333333332,58.333333333333336,12,12,2000,73,results/persona_joint_kimi_ab_a100_build1/surface_a/metrics.json
contrast_ci,matched_eight_arm,A,paired_deltas_by_condition_query_family,,hybrid_kg_memory_4096,graphiti_memory_4096,post_update,preference_incongruity,,f1,,20.833333333333336,4.166666666666666,41.66666666666667,12,12,2000,73,results/persona_joint_kimi_ab_a100_build1/surface_a/metrics.json
contrast_ci,matched_eight_arm,A,paired_deltas_by_condition_query_family,,hybrid_kg_memory_16384,graphiti_memory_16384,post_update,preference_incongruity,,exact_match,,41.66666666666667,16.666666666666664,66.66666666666666,12,12,2000,73,results/persona_joint_kimi_ab_a100_build1/surface_a/metrics.json
contrast_ci,matched_eight_arm,A,paired_deltas_by_condition_query_family,,hybrid_kg_memory_16384,graphiti_memory_16384,post_update,preference_incongruity,,f1,,24.444444444444446,9.166666666666666,40.55555555555556,12,12,2000,73,results/persona_joint_kimi_ab_a100_build1/surface_a/metrics.json
contrast_ci,matched_eight_arm,A,paired_deltas_by_condition_query_family,,hybrid_kg_memory_4096,structured_memory_4096,post_update,preference_incongruity,,exact_match,,33.33333333333333,8.333333333333332,58.333333333333336,12,12,2000,73,results/persona_joint_kimi_ab_a100_build1/surface_a/metrics.json
contrast_ci,matched_eight_arm,A,paired_deltas_by_condition_query_family,,hybrid_kg_memory_4096,structured_memory_4096,post_update,preference_incongruity,,f1,,20.833333333333336,4.166666666666666,41.66666666666667,12,12,2000,73,results/persona_joint_kimi_ab_a100_build1/surface_a/metrics.json
contrast_ci,matched_eight_arm,A,paired_deltas_by_condition_query_family,,hybrid_kg_memory_16384,structured_memory_16384,post_update,preference_incongruity,,exact_match,,41.66666666666667,16.666666666666664,66.66666666666666,12,12,2000,73,results/persona_joint_kimi_ab_a100_build1/surface_a/metrics.json
contrast_ci,matched_eight_arm,A,paired_deltas_by_condition_query_family,,hybrid_kg_memory_16384,structured_memory_16384,post_update,preference_incongruity,,f1,,24.444444444444446,9.166666666666666,41.66666666666667,12,12,2000,73,results/persona_joint_kimi_ab_a100_build1/surface_a/metrics.json
contrast_ci,matched_eight_arm,A,paired_deltas_by_condition_query_family,,hybrid_kg_memory_4096,sliding_context_4096,pre_update,preference_change,,exact_match,,-50.0,-75.0,-25.0,12,12,2000,73,results/persona_joint_kimi_ab_a100_build1/surface_a/metrics.json
contrast_ci,matched_eight_arm,A,paired_deltas_by_condition_query_family,,hybrid_kg_memory_4096,sliding_context_4096,pre_update,preference_change,,f1,,-50.0,-75.0,-25.0,12,12,2000,73,results/persona_joint_kimi_ab_a100_build1/surface_a/metrics.json
contrast_ci,matched_eight_arm,A,paired_deltas_by_condition_query_family,,hybrid_kg_memory_16384,sliding_context_16384,pre_update,preference_change,,exact_match,,-41.66666666666667,-66.66666666666666,-16.666666666666664,12,12,2000,73,results/persona_joint_kimi_ab_a100_build1/surface_a/metrics.json
contrast_ci,matched_eight_arm,A,paired_deltas_by_condition_query_family,,hybrid_kg_memory_16384,sliding_context_16384,pre_update,preference_change,,f1,,-41.66666666666667,-66.66666666666666,-16.666666666666664,12,12,2000,73,results/persona_joint_kimi_ab_a100_build1/surface_a/metrics.json
contrast_ci,matched_eight_arm,A,paired_deltas_by_condition_query_family,,graphiti_memory_4096,sliding_context_4096,pre_update,preference_change,,exact_match,,0.0,-25.0,25.0,12,12,2000,73,results/persona_joint_kimi_ab_a100_build1/surface_a/metrics.json
contrast_ci,matched_eight_arm,A,paired_deltas_by_condition_query_family,,graphiti_memory_4096,sliding_context_4096,pre_update,preference_change,,f1,,0.0,-25.0,25.0,12,12,2000,73,results/persona_joint_kimi_ab_a100_build1/surface_a/metrics.json
contrast_ci,matched_eight_arm,A,paired_deltas_by_condition_query_family,,graphiti_memory_16384,sliding_context_16384,pre_update,preference_change,,exact_match,,-16.666666666666664,-41.66666666666667,0.0,12,12,2000,73,results/persona_joint_kimi_ab_a100_build1/surface_a/metrics.json
contrast_ci,matched_eight_arm,A,paired_deltas_by_condition_query_family,,graphiti_memory_16384,sliding_context_16384,pre_update,preference_change,,f1,,-16.666666666666664,-41.66666666666667,0.0,12,12,2000,73,results/persona_joint_kimi_ab_a100_build1/surface_a/metrics.json
contrast_ci,matched_eight_arm,A,paired_deltas_by_condition_query_family,,hybrid_kg_memory_4096,graphiti_memory_4096,pre_update,preference_change,,exact_match,,-50.0,-75.0,-25.0,12,12,2000,73,results/persona_joint_kimi_ab_a100_build1/surface_a/metrics.json
contrast_ci,matched_eight_arm,A,paired_deltas_by_condition_query_family,,hybrid_kg_memory_4096,graphiti_memory_4096,pre_update,preference_change,,f1,,-50.0,-75.0,-25.0,12,12,2000,73,results/persona_joint_kimi_ab_a100_build1/surface_a/metrics.json
contrast_ci,matched_eight_arm,A,paired_deltas_by_condition_query_family,,hybrid_kg_memory_16384,graphiti_memory_16384,pre_update,preference_change,,exact_match,,-25.0,-50.0,0.0,12,12,2000,73,results/persona_joint_kimi_ab_a100_build1/surface_a/metrics.json
contrast_ci,matched_eight_arm,A,paired_deltas_by_condition_query_family,,hybrid_kg_memory_16384,graphiti_memory_16384,pre_update,preference_change,,f1,,-25.0,-50.0,0.0,12,12,2000,73,results/persona_joint_kimi_ab_a100_build1/surface_a/metrics.json
contrast_ci,matched_eight_arm,A,paired_deltas_by_condition_query_family,,hybrid_kg_memory_4096,structured_memory_4096,pre_update,preference_change,,exact_match,,-50.0,-75.0,-25.0,12,12,2000,73,results/persona_joint_kimi_ab_a100_build1/surface_a/metrics.json
contrast_ci,matched_eight_arm,A,paired_deltas_by_condition_query_family,,hybrid_kg_memory_4096,structured_memory_4096,pre_update,preference_change,,f1,,-50.0,-75.0,-25.0,12,12,2000,73,results/persona_joint_kimi_ab_a100_build1/surface_a/metrics.json
contrast_ci,matched_eight_arm,A,paired_deltas_by_condition_query_family,,hybrid_kg_memory_16384,structured_memory_16384,pre_update,preference_change,,exact_match,,-41.66666666666667,-66.66666666666666,-16.666666666666664,12,12,2000,73,results/persona_joint_kimi_ab_a100_build1/surface_a/metrics.json
contrast_ci,matched_eight_arm,A,paired_deltas_by_condition_query_family,,hybrid_kg_memory_16384,structured_memory_16384,pre_update,preference_change,,f1,,-41.66666666666667,-66.66666666666666,-16.666666666666664,12,12,2000,73,results/persona_joint_kimi_ab_a100_build1/surface_a/metrics.json
contrast_ci,matched_eight_arm,A,paired_deltas_by_condition_query_family,,hybrid_kg_memory_4096,sliding_context_4096,pre_update,preference_incongruity,,exact_match,,8.333333333333332,0.0,25.0,12,12,2000,73,results/persona_joint_kimi_ab_a100_build1/surface_a/metrics.json
contrast_ci,matched_eight_arm,A,paired_deltas_by_condition_query_family,,hybrid_kg_memory_4096,sliding_context_4096,pre_update,preference_incongruity,,f1,,8.333333333333332,0.0,25.0,12,12,2000,73,results/persona_joint_kimi_ab_a100_build1/surface_a/metrics.json
contrast_ci,matched_eight_arm,A,paired_deltas_by_condition_query_family,,hybrid_kg_memory_16384,sliding_context_16384,pre_update,preference_incongruity,,exact_match,,0.0,0.0,0.0,12,12,2000,73,results/persona_joint_kimi_ab_a100_build1/surface_a/metrics.json
contrast_ci,matched_eight_arm,A,paired_deltas_by_condition_query_family,,hybrid_kg_memory_16384,sliding_context_16384,pre_update,preference_incongruity,,f1,,0.0,0.0,0.0,12,12,2000,73,results/persona_joint_kimi_ab_a100_build1/surface_a/metrics.json
contrast_ci,matched_eight_arm,A,paired_deltas_by_condition_query_family,,graphiti_memory_4096,sliding_context_4096,pre_update,preference_incongruity,,exact_match,,8.333333333333332,0.0,25.0,12,12,2000,73,results/persona_joint_kimi_ab_a100_build1/surface_a/metrics.json
contrast_ci,matched_eight_arm,A,paired_deltas_by_condition_query_family,,graphiti_memory_4096,sliding_context_4096,pre_update,preference_incongruity,,f1,,8.333333333333332,0.0,25.0,12,12,2000,73,results/persona_joint_kimi_ab_a100_build1/surface_a/metrics.json
contrast_ci,matched_eight_arm,A,paired_deltas_by_condition_query_family,,graphiti_memory_16384,sliding_context_16384,pre_update,preference_incongruity,,exact_match,,0.0,0.0,0.0,12,12,2000,73,results/persona_joint_kimi_ab_a100_build1/surface_a/metrics.json
contrast_ci,matched_eight_arm,A,paired_deltas_by_condition_query_family,,graphiti_memory_16384,sliding_context_16384,pre_update,preference_incongruity,,f1,,0.0,0.0,0.0,12,12,2000,73,results/persona_joint_kimi_ab_a100_build1/surface_a/metrics.json
contrast_ci,matched_eight_arm,A,paired_deltas_by_condition_query_family,,hybrid_kg_memory_4096,graphiti_memory_4096,pre_update,preference_incongruity,,exact_match,,0.0,0.0,0.0,12,12,2000,73,results/persona_joint_kimi_ab_a100_build1/surface_a/metrics.json
contrast_ci,matched_eight_arm,A,paired_deltas_by_condition_query_family,,hybrid_kg_memory_4096,graphiti_memory_4096,pre_update,preference_incongruity,,f1,,0.0,0.0,0.0,12,12,2000,73,results/persona_joint_kimi_ab_a100_build1/surface_a/metrics.json
contrast_ci,matched_eight_arm,A,paired_deltas_by_condition_query_family,,hybrid_kg_memory_16384,graphiti_memory_16384,pre_update,preference_incongruity,,exact_match,,0.0,0.0,0.0,12,12,2000,73,results/persona_joint_kimi_ab_a100_build1/surface_a/metrics.json
contrast_ci,matched_eight_arm,A,paired_deltas_by_condition_query_family,,hybrid_kg_memory_16384,graphiti_memory_16384,pre_update,preference_incongruity,,f1,,0.0,0.0,0.0,12,12,2000,73,results/persona_joint_kimi_ab_a100_build1/surface_a/metrics.json
contrast_ci,matched_eight_arm,A,paired_deltas_by_condition_query_family,,hybrid_kg_memory_4096,structured_memory_4096,pre_update,preference_incongruity,,exact_match,,8.333333333333332,0.0,25.0,12,12,2000,73,results/persona_joint_kimi_ab_a100_build1/surface_a/metrics.json
contrast_ci,matched_eight_arm,A,paired_deltas_by_condition_query_family,,hybrid_kg_memory_4096,structured_memory_4096,pre_update,preference_incongruity,,f1,,8.333333333333332,0.0,25.0,12,12,2000,73,results/persona_joint_kimi_ab_a100_build1/surface_a/metrics.json
contrast_ci,matched_eight_arm,A,paired_deltas_by_condition_query_family,,hybrid_kg_memory_16384,structured_memory_16384,pre_update,preference_incongruity,,exact_match,,0.0,0.0,0.0,12,12,2000,73,results/persona_joint_kimi_ab_a100_build1/surface_a/metrics.json
contrast_ci,matched_eight_arm,A,paired_deltas_by_condition_query_family,,hybrid_kg_memory_16384,structured_memory_16384,pre_update,preference_incongruity,,f1,,0.0,0.0,0.0,12,12,2000,73,results/persona_joint_kimi_ab_a100_build1/surface_a/metrics.json
contrast_ci,matched_eight_arm,A,paired_deltas_by_condition_query_family,,hybrid_kg_memory_4096,sliding_context_4096,token_distance_4096,preference_change,,exact_match,,8.333333333333332,-16.666666666666664,33.33333333333333,12,12,2000,73,results/persona_joint_kimi_ab_a100_build1/surface_a/metrics.json
contrast_ci,matched_eight_arm,A,paired_deltas_by_condition_query_family,,hybrid_kg_memory_4096,sliding_context_4096,token_distance_4096,preference_change,,f1,,15.0,-6.666666666666667,36.66666666666667,12,12,2000,73,results/persona_joint_kimi_ab_a100_build1/surface_a/metrics.json
contrast_ci,matched_eight_arm,A,paired_deltas_by_condition_query_family,,hybrid_kg_memory_16384,sliding_context_16384,token_distance_4096,preference_change,,exact_match,,25.0,0.0,50.0,12,12,2000,73,results/persona_joint_kimi_ab_a100_build1/surface_a/metrics.json
contrast_ci,matched_eight_arm,A,paired_deltas_by_condition_query_family,,hybrid_kg_memory_16384,sliding_context_16384,token_distance_4096,preference_change,,f1,,27.380952380952383,4.761904761904763,52.38095238095239,12,12,2000,73,results/persona_joint_kimi_ab_a100_build1/surface_a/metrics.json
contrast_ci,matched_eight_arm,A,paired_deltas_by_condition_query_family,,graphiti_memory_4096,sliding_context_4096,token_distance_4096,preference_change,,exact_match,,0.0,0.0,0.0,12,12,2000,73,results/persona_joint_kimi_ab_a100_build1/surface_a/metrics.json
contrast_ci,matched_eight_arm,A,paired_deltas_by_condition_query_family,,graphiti_memory_4096,sliding_context_4096,token_distance_4096,preference_change,,f1,,0.0,0.0,0.0,12,12,2000,73,results/persona_joint_kimi_ab_a100_build1/surface_a/metrics.json
contrast_ci,matched_eight_arm,A,paired_deltas_by_condition_query_family,,graphiti_memory_16384,sliding_context_16384,token_distance_4096,preference_change,,exact_match,,0.0,0.0,0.0,12,12,2000,73,results/persona_joint_kimi_ab_a100_build1/surface_a/metrics.json
contrast_ci,matched_eight_arm,A,paired_deltas_by_condition_query_family,,graphiti_memory_16384,sliding_context_16384,token_distance_4096,preference_change,,f1,,0.0,0.0,0.0,12,12,2000,73,results/persona_joint_kimi_ab_a100_build1/surface_a/metrics.json
contrast_ci,matched_eight_arm,A,paired_deltas_by_condition_query_family,,hybrid_kg_memory_4096,graphiti_memory_4096,token_distance_4096,preference_change,,exact_match,,8.333333333333332,-16.666666666666664,33.33333333333333,12,12,2000,73,results/persona_joint_kimi_ab_a100_build1/surface_a/metrics.json
contrast_ci,matched_eight_arm,A,paired_deltas_by_condition_query_family,,hybrid_kg_memory_4096,graphiti_memory_4096,token_distance_4096,preference_change,,f1,,15.0,-5.833333333333333,36.66666666666667,12,12,2000,73,results/persona_joint_kimi_ab_a100_build1/surface_a/metrics.json
contrast_ci,matched_eight_arm,A,paired_deltas_by_condition_query_family,,hybrid_kg_memory_16384,graphiti_memory_16384,token_distance_4096,preference_change,,exact_match,,25.0,0.0,50.0,12,12,2000,73,results/persona_joint_kimi_ab_a100_build1/surface_a/metrics.json
contrast_ci,matched_eight_arm,A,paired_deltas_by_condition_query_family,,hybrid_kg_memory_16384,graphiti_memory_16384,token_distance_4096,preference_change,,f1,,27.380952380952383,4.761904761904763,52.38095238095239,12,12,2000,73,results/persona_joint_kimi_ab_a100_build1/surface_a/metrics.json
contrast_ci,matched_eight_arm,A,paired_deltas_by_condition_query_family,,hybrid_kg_memory_4096,structured_memory_4096,token_distance_4096,preference_change,,exact_match,,8.333333333333332,-16.666666666666664,33.33333333333333,12,12,2000,73,results/persona_joint_kimi_ab_a100_build1/surface_a/metrics.json
contrast_ci,matched_eight_arm,A,paired_deltas_by_condition_query_family,,hybrid_kg_memory_4096,structured_memory_4096,token_distance_4096,preference_change,,f1,,15.0,-6.666666666666667,37.5,12,12,2000,73,results/persona_joint_kimi_ab_a100_build1/surface_a/metrics.json
contrast_ci,matched_eight_arm,A,paired_deltas_by_condition_query_family,,hybrid_kg_memory_16384,structured_memory_16384,token_distance_4096,preference_change,,exact_match,,25.0,0.0,50.0,12,12,2000,73,results/persona_joint_kimi_ab_a100_build1/surface_a/metrics.json
contrast_ci,matched_eight_arm,A,paired_deltas_by_condition_query_family,,hybrid_kg_memory_16384,structured_memory_16384,token_distance_4096,preference_change,,f1,,27.380952380952383,7.142857142857144,52.38095238095239,12,12,2000,73,results/persona_joint_kimi_ab_a100_build1/surface_a/metrics.json
contrast_ci,matched_eight_arm,A,paired_deltas_by_condition_query_family,,hybrid_kg_memory_4096,sliding_context_4096,token_distance_4096,preference_incongruity,,exact_match,,100.0,100.0,100.0,12,12,2000,73,results/persona_joint_kimi_ab_a100_build1/surface_a/metrics.json
contrast_ci,matched_eight_arm,A,paired_deltas_by_condition_query_family,,hybrid_kg_memory_4096,sliding_context_4096,token_distance_4096,preference_incongruity,,f1,,90.0,80.0,100.0,12,12,2000,73,results/persona_joint_kimi_ab_a100_build1/surface_a/metrics.json
contrast_ci,matched_eight_arm,A,paired_deltas_by_condition_query_family,,hybrid_kg_memory_16384,sliding_context_16384,token_distance_4096,preference_incongruity,,exact_match,,41.66666666666667,16.666666666666664,66.66666666666666,12,12,2000,73,results/persona_joint_kimi_ab_a100_build1/surface_a/metrics.json
contrast_ci,matched_eight_arm,A,paired_deltas_by_condition_query_family,,hybrid_kg_memory_16384,sliding_context_16384,token_distance_4096,preference_incongruity,,f1,,24.444444444444446,9.166666666666666,41.111111111111114,12,12,2000,73,results/persona_joint_kimi_ab_a100_build1/surface_a/metrics.json
contrast_ci,matched_eight_arm,A,paired_deltas_by_condition_query_family,,graphiti_memory_4096,sliding_context_4096,token_distance_4096,preference_incongruity,,exact_match,,16.666666666666664,0.0,41.66666666666667,12,12,2000,73,results/persona_joint_kimi_ab_a100_build1/surface_a/metrics.json
contrast_ci,matched_eight_arm,A,paired_deltas_by_condition_query_family,,graphiti_memory_4096,sliding_context_4096,token_distance_4096,preference_incongruity,,f1,,29.166666666666668,8.333333333333332,52.77777777777778,12,12,2000,73,results/persona_joint_kimi_ab_a100_build1/surface_a/metrics.json
contrast_ci,matched_eight_arm,A,paired_deltas_by_condition_query_family,,graphiti_memory_16384,sliding_context_16384,token_distance_4096,preference_incongruity,,exact_match,,8.333333333333332,0.0,25.0,12,12,2000,73,results/persona_joint_kimi_ab_a100_build1/surface_a/metrics.json
contrast_ci,matched_eight_arm,A,paired_deltas_by_condition_query_family,,graphiti_memory_16384,sliding_context_16384,token_distance_4096,preference_incongruity,,f1,,4.166666666666666,0.0,12.5,12,12,2000,73,results/persona_joint_kimi_ab_a100_build1/surface_a/metrics.json
contrast_ci,matched_eight_arm,A,paired_deltas_by_condition_query_family,,hybrid_kg_memory_4096,graphiti_memory_4096,token_distance_4096,preference_incongruity,,exact_match,,83.33333333333334,58.333333333333336,100.0,12,12,2000,73,results/persona_joint_kimi_ab_a100_build1/surface_a/metrics.json
contrast_ci,matched_eight_arm,A,paired_deltas_by_condition_query_family,,hybrid_kg_memory_4096,graphiti_memory_4096,token_distance_4096,preference_incongruity,,f1,,60.83333333333334,38.611111111111114,79.44444444444444,12,12,2000,73,results/persona_joint_kimi_ab_a100_build1/surface_a/metrics.json
contrast_ci,matched_eight_arm,A,paired_deltas_by_condition_query_family,,hybrid_kg_memory_16384,graphiti_memory_16384,token_distance_4096,preference_incongruity,,exact_match,,33.33333333333333,8.333333333333332,58.333333333333336,12,12,2000,73,results/persona_joint_kimi_ab_a100_build1/surface_a/metrics.json
contrast_ci,matched_eight_arm,A,paired_deltas_by_condition_query_family,,hybrid_kg_memory_16384,graphiti_memory_16384,token_distance_4096,preference_incongruity,,f1,,20.27777777777778,5.0,36.94444444444444,12,12,2000,73,results/persona_joint_kimi_ab_a100_build1/surface_a/metrics.json
contrast_ci,matched_eight_arm,A,paired_deltas_by_condition_query_family,,hybrid_kg_memory_4096,structured_memory_4096,token_distance_4096,preference_incongruity,,exact_match,,33.33333333333333,8.333333333333332,58.333333333333336,12,12,2000,73,results/persona_joint_kimi_ab_a100_build1/surface_a/metrics.json
contrast_ci,matched_eight_arm,A,paired_deltas_by_condition_query_family,,hybrid_kg_memory_4096,structured_memory_4096,token_distance_4096,preference_incongruity,,f1,,33.33333333333333,8.333333333333332,58.333333333333336,12,12,2000,73,results/persona_joint_kimi_ab_a100_build1/surface_a/metrics.json
contrast_ci,matched_eight_arm,A,paired_deltas_by_condition_query_family,,hybrid_kg_memory_16384,structured_memory_16384,token_distance_4096,preference_incongruity,,exact_match,,16.666666666666664,0.0,41.66666666666667,12,12,2000,73,results/persona_joint_kimi_ab_a100_build1/surface_a/metrics.json
contrast_ci,matched_eight_arm,A,paired_deltas_by_condition_query_family,,hybrid_kg_memory_16384,structured_memory_16384,token_distance_4096,preference_incongruity,,f1,,9.722222222222223,0.0,23.611111111111114,12,12,2000,73,results/persona_joint_kimi_ab_a100_build1/surface_a/metrics.json
contrast_ci,matched_eight_arm,A,paired_deltas_by_condition_query_family,,hybrid_kg_memory_4096,sliding_context_4096,token_distance_8192,preference_change,,exact_match,,8.333333333333332,0.0,25.0,12,12,2000,73,results/persona_joint_kimi_ab_a100_build1/surface_a/metrics.json
contrast_ci,matched_eight_arm,A,paired_deltas_by_condition_query_family,,hybrid_kg_memory_4096,sliding_context_4096,token_distance_8192,preference_change,,f1,,11.666666666666666,0.0,28.333333333333332,12,12,2000,73,results/persona_joint_kimi_ab_a100_build1/surface_a/metrics.json
contrast_ci,matched_eight_arm,A,paired_deltas_by_condition_query_family,,hybrid_kg_memory_16384,sliding_context_16384,token_distance_8192,preference_change,,exact_match,,16.666666666666664,0.0,41.66666666666667,12,12,2000,73,results/persona_joint_kimi_ab_a100_build1/surface_a/metrics.json
contrast_ci,matched_eight_arm,A,paired_deltas_by_condition_query_family,,hybrid_kg_memory_16384,sliding_context_16384,token_distance_8192,preference_change,,f1,,16.666666666666664,-3.3333333333333335,40.0,12,12,2000,73,results/persona_joint_kimi_ab_a100_build1/surface_a/metrics.json
contrast_ci,matched_eight_arm,A,paired_deltas_by_condition_query_family,,graphiti_memory_4096,sliding_context_4096,token_distance_8192,preference_change,,exact_match,,0.0,0.0,0.0,12,12,2000,73,results/persona_joint_kimi_ab_a100_build1/surface_a/metrics.json
contrast_ci,matched_eight_arm,A,paired_deltas_by_condition_query_family,,graphiti_memory_4096,sliding_context_4096,token_distance_8192,preference_change,,f1,,0.0,0.0,0.0,12,12,2000,73,results/persona_joint_kimi_ab_a100_build1/surface_a/metrics.json
contrast_ci,matched_eight_arm,A,paired_deltas_by_condition_query_family,,graphiti_memory_16384,sliding_context_16384,token_distance_8192,preference_change,,exact_match,,8.333333333333332,0.0,25.0,12,12,2000,73,results/persona_joint_kimi_ab_a100_build1/surface_a/metrics.json
contrast_ci,matched_eight_arm,A,paired_deltas_by_condition_query_family,,graphiti_memory_16384,sliding_context_16384,token_distance_8192,preference_change,,f1,,5.0,0.0,15.0,12,12,2000,73,results/persona_joint_kimi_ab_a100_build1/surface_a/metrics.json
contrast_ci,matched_eight_arm,A,paired_deltas_by_condition_query_family,,hybrid_kg_memory_4096,graphiti_memory_4096,token_distance_8192,preference_change,,exact_match,,8.333333333333332,0.0,25.0,12,12,2000,73,results/persona_joint_kimi_ab_a100_build1/surface_a/metrics.json
contrast_ci,matched_eight_arm,A,paired_deltas_by_condition_query_family,,hybrid_kg_memory_4096,graphiti_memory_4096,token_distance_8192,preference_change,,f1,,11.666666666666666,0.0,28.333333333333332,12,12,2000,73,results/persona_joint_kimi_ab_a100_build1/surface_a/metrics.json
contrast_ci,matched_eight_arm,A,paired_deltas_by_condition_query_family,,hybrid_kg_memory_16384,graphiti_memory_16384,token_distance_8192,preference_change,,exact_match,,8.333333333333332,-16.666666666666664,33.33333333333333,12,12,2000,73,results/persona_joint_kimi_ab_a100_build1/surface_a/metrics.json
contrast_ci,matched_eight_arm,A,paired_deltas_by_condition_query_family,,hybrid_kg_memory_16384,graphiti_memory_16384,token_distance_8192,preference_change,,f1,,11.666666666666666,-16.666666666666664,36.66666666666667,12,12,2000,73,results/persona_joint_kimi_ab_a100_build1/surface_a/metrics.json
contrast_ci,matched_eight_arm,A,paired_deltas_by_condition_query_family,,hybrid_kg_memory_4096,structured_memory_4096,token_distance_8192,preference_change,,exact_match,,8.333333333333332,0.0,25.0,12,12,2000,73,results/persona_joint_kimi_ab_a100_build1/surface_a/metrics.json
contrast_ci,matched_eight_arm,A,paired_deltas_by_condition_query_family,,hybrid_kg_memory_4096,structured_memory_4096,token_distance_8192,preference_change,,f1,,11.666666666666666,0.0,31.666666666666664,12,12,2000,73,results/persona_joint_kimi_ab_a100_build1/surface_a/metrics.json
contrast_ci,matched_eight_arm,A,paired_deltas_by_condition_query_family,,hybrid_kg_memory_16384,structured_memory_16384,token_distance_8192,preference_change,,exact_match,,16.666666666666664,0.0,41.66666666666667,12,12,2000,73,results/persona_joint_kimi_ab_a100_build1/surface_a/metrics.json
contrast_ci,matched_eight_arm,A,paired_deltas_by_condition_query_family,,hybrid_kg_memory_16384,structured_memory_16384,token_distance_8192,preference_change,,f1,,16.666666666666664,-3.3333333333333335,41.66666666666667,12,12,2000,73,results/persona_joint_kimi_ab_a100_build1/surface_a/metrics.json
contrast_ci,matched_eight_arm,A,paired_deltas_by_condition_query_family,,hybrid_kg_memory_4096,sliding_context_4096,token_distance_8192,preference_incongruity,,exact_match,,91.66666666666666,75.0,100.0,12,12,2000,73,results/persona_joint_kimi_ab_a100_build1/surface_a/metrics.json
contrast_ci,matched_eight_arm,A,paired_deltas_by_condition_query_family,,hybrid_kg_memory_4096,sliding_context_4096,token_distance_8192,preference_incongruity,,f1,,91.11111111111111,78.88888888888889,100.0,12,12,2000,73,results/persona_joint_kimi_ab_a100_build1/surface_a/metrics.json
contrast_ci,matched_eight_arm,A,paired_deltas_by_condition_query_family,,hybrid_kg_memory_16384,sliding_context_16384,token_distance_8192,preference_incongruity,,exact_match,,33.33333333333333,8.333333333333332,58.333333333333336,12,12,2000,73,results/persona_joint_kimi_ab_a100_build1/surface_a/metrics.json
contrast_ci,matched_eight_arm,A,paired_deltas_by_condition_query_family,,hybrid_kg_memory_16384,sliding_context_16384,token_distance_8192,preference_incongruity,,f1,,18.88888888888889,4.166666666666666,35.0,12,12,2000,73,results/persona_joint_kimi_ab_a100_build1/surface_a/metrics.json
contrast_ci,matched_eight_arm,A,paired_deltas_by_condition_query_family,,graphiti_memory_4096,sliding_context_4096,token_distance_8192,preference_incongruity,,exact_match,,16.666666666666664,0.0,41.66666666666667,12,12,2000,73,results/persona_joint_kimi_ab_a100_build1/surface_a/metrics.json
contrast_ci,matched_eight_arm,A,paired_deltas_by_condition_query_family,,graphiti_memory_4096,sliding_context_4096,token_distance_8192,preference_incongruity,,f1,,22.22222222222222,5.0,42.22222222222222,12,12,2000,73,results/persona_joint_kimi_ab_a100_build1/surface_a/metrics.json
contrast_ci,matched_eight_arm,A,paired_deltas_by_condition_query_family,,graphiti_memory_16384,sliding_context_16384,token_distance_8192,preference_incongruity,,exact_match,,8.333333333333332,0.0,25.0,12,12,2000,73,results/persona_joint_kimi_ab_a100_build1/surface_a/metrics.json
contrast_ci,matched_eight_arm,A,paired_deltas_by_condition_query_family,,graphiti_memory_16384,sliding_context_16384,token_distance_8192,preference_incongruity,,f1,,1.3888888888888895,-12.5,16.666666666666668,12,12,2000,73,results/persona_joint_kimi_ab_a100_build1/surface_a/metrics.json
contrast_ci,matched_eight_arm,A,paired_deltas_by_condition_query_family,,hybrid_kg_memory_4096,graphiti_memory_4096,token_distance_8192,preference_incongruity,,exact_match,,75.0,50.0,100.0,12,12,2000,73,results/persona_joint_kimi_ab_a100_build1/surface_a/metrics.json
contrast_ci,matched_eight_arm,A,paired_deltas_by_condition_query_family,,hybrid_kg_memory_4096,graphiti_memory_4096,token_distance_8192,preference_incongruity,,f1,,68.88888888888889,41.11111111111111,96.66666666666667,12,12,2000,73,results/persona_joint_kimi_ab_a100_build1/surface_a/metrics.json
contrast_ci,matched_eight_arm,A,paired_deltas_by_condition_query_family,,hybrid_kg_memory_16384,graphiti_memory_16384,token_distance_8192,preference_incongruity,,exact_match,,25.0,0.0,50.0,12,12,2000,73,results/persona_joint_kimi_ab_a100_build1/surface_a/metrics.json
contrast_ci,matched_eight_arm,A,paired_deltas_by_condition_query_family,,hybrid_kg_memory_16384,graphiti_memory_16384,token_distance_8192,preference_incongruity,,f1,,17.5,0.0,35.833333333333336,12,12,2000,73,results/persona_joint_kimi_ab_a100_build1/surface_a/metrics.json
contrast_ci,matched_eight_arm,A,paired_deltas_by_condition_query_family,,hybrid_kg_memory_4096,structured_memory_4096,token_distance_8192,preference_incongruity,,exact_match,,0.0,-25.0,25.0,12,12,2000,73,results/persona_joint_kimi_ab_a100_build1/surface_a/metrics.json
contrast_ci,matched_eight_arm,A,paired_deltas_by_condition_query_family,,hybrid_kg_memory_4096,structured_memory_4096,token_distance_8192,preference_incongruity,,f1,,2.7777777777777772,-16.666666666666668,25.0,12,12,2000,73,results/persona_joint_kimi_ab_a100_build1/surface_a/metrics.json
contrast_ci,matched_eight_arm,A,paired_deltas_by_condition_query_family,,hybrid_kg_memory_16384,structured_memory_16384,token_distance_8192,preference_incongruity,,exact_match,,8.333333333333332,0.0,25.0,12,12,2000,73,results/persona_joint_kimi_ab_a100_build1/surface_a/metrics.json
contrast_ci,matched_eight_arm,A,paired_deltas_by_condition_query_family,,hybrid_kg_memory_16384,structured_memory_16384,token_distance_8192,preference_incongruity,,f1,,4.166666666666666,0.0,12.5,12,12,2000,73,results/persona_joint_kimi_ab_a100_build1/surface_a/metrics.json
contrast_ci,matched_eight_arm,B,paired_deltas,,hybrid_kg_memory_4096,sliding_context_4096,,,,exact_match,,37.5,31.666666666666664,43.333333333333336,120,12,2000,73,results/persona_joint_kimi_ab_a100_build1/surface_b/metrics.json
contrast_ci,matched_eight_arm,B,paired_deltas,,hybrid_kg_memory_4096,sliding_context_4096,,,,f1,,37.416666666666664,31.416666666666664,43.333333333333336,120,12,2000,73,results/persona_joint_kimi_ab_a100_build1/surface_b/metrics.json
contrast_ci,matched_eight_arm,B,paired_deltas,,hybrid_kg_memory_16384,sliding_context_16384,,,,exact_match,,10.833333333333334,3.3333333333333335,17.5,120,12,2000,73,results/persona_joint_kimi_ab_a100_build1/surface_b/metrics.json
contrast_ci,matched_eight_arm,B,paired_deltas,,hybrid_kg_memory_16384,sliding_context_16384,,,,f1,,8.722222222222223,1.6666666666666667,14.583333333333334,120,12,2000,73,results/persona_joint_kimi_ab_a100_build1/surface_b/metrics.json
contrast_ci,matched_eight_arm,B,paired_deltas,,graphiti_memory_4096,sliding_context_4096,,,,exact_match,,11.666666666666666,2.5,21.666666666666668,120,12,2000,73,results/persona_joint_kimi_ab_a100_build1/surface_b/metrics.json
contrast_ci,matched_eight_arm,B,paired_deltas,,graphiti_memory_4096,sliding_context_4096,,,,f1,,16.702380952380953,9.238095238095239,24.452380952380953,120,12,2000,73,results/persona_joint_kimi_ab_a100_build1/surface_b/metrics.json
contrast_ci,matched_eight_arm,B,paired_deltas,,graphiti_memory_16384,sliding_context_16384,,,,exact_match,,2.5,-5.0,9.166666666666666,120,12,2000,73,results/persona_joint_kimi_ab_a100_build1/surface_b/metrics.json
contrast_ci,matched_eight_arm,B,paired_deltas,,graphiti_memory_16384,sliding_context_16384,,,,f1,,2.4444444444444446,-3.5833333333333335,6.611111111111111,120,12,2000,73,results/persona_joint_kimi_ab_a100_build1/surface_b/metrics.json
contrast_ci,matched_eight_arm,B,paired_deltas,,hybrid_kg_memory_4096,graphiti_memory_4096,,,,exact_match,,25.833333333333336,15.0,35.0,120,12,2000,73,results/persona_joint_kimi_ab_a100_build1/surface_b/metrics.json
contrast_ci,matched_eight_arm,B,paired_deltas,,hybrid_kg_memory_4096,graphiti_memory_4096,,,,f1,,20.71428571428571,11.75,29.04761904761905,120,12,2000,73,results/persona_joint_kimi_ab_a100_build1/surface_b/metrics.json
contrast_ci,matched_eight_arm,B,paired_deltas,,hybrid_kg_memory_16384,graphiti_memory_16384,,,,exact_match,,8.333333333333332,0.8333333333333334,16.666666666666664,120,12,2000,73,results/persona_joint_kimi_ab_a100_build1/surface_b/metrics.json
contrast_ci,matched_eight_arm,B,paired_deltas,,hybrid_kg_memory_16384,graphiti_memory_16384,,,,f1,,6.277777777777778,-1.25,14.166666666666666,120,12,2000,73,results/persona_joint_kimi_ab_a100_build1/surface_b/metrics.json
contrast_ci,matched_eight_arm,B,paired_deltas,,hybrid_kg_memory_4096,structured_memory_4096,,,,exact_match,,6.666666666666667,0.0,15.0,120,12,2000,73,results/persona_joint_kimi_ab_a100_build1/surface_b/metrics.json
contrast_ci,matched_eight_arm,B,paired_deltas,,hybrid_kg_memory_4096,structured_memory_4096,,,,f1,,7.833333333333334,0.9166666666666666,16.333333333333332,120,12,2000,73,results/persona_joint_kimi_ab_a100_build1/surface_b/metrics.json
contrast_ci,matched_eight_arm,B,paired_deltas,,hybrid_kg_memory_16384,structured_memory_16384,,,,exact_match,,3.3333333333333335,-3.3333333333333335,10.0,120,12,2000,73,results/persona_joint_kimi_ab_a100_build1/surface_b/metrics.json
contrast_ci,matched_eight_arm,B,paired_deltas,,hybrid_kg_memory_16384,structured_memory_16384,,,,f1,,2.722222222222222,-3.5277777777777777,8.777777777777777,120,12,2000,73,results/persona_joint_kimi_ab_a100_build1/surface_b/metrics.json
contrast_ci,matched_eight_arm,B,paired_deltas_by_condition,,hybrid_kg_memory_4096,sliding_context_4096,delayed_probe,,,exact_match,,50.0,37.5,62.5,24,12,2000,73,results/persona_joint_kimi_ab_a100_build1/surface_b/metrics.json
contrast_ci,matched_eight_arm,B,paired_deltas_by_condition,,hybrid_kg_memory_4096,sliding_context_4096,delayed_probe,,,f1,,52.083333333333336,43.75,62.5,24,12,2000,73,results/persona_joint_kimi_ab_a100_build1/surface_b/metrics.json
contrast_ci,matched_eight_arm,B,paired_deltas_by_condition,,hybrid_kg_memory_16384,sliding_context_16384,delayed_probe,,,exact_match,,20.833333333333336,8.333333333333332,33.33333333333333,24,12,2000,73,results/persona_joint_kimi_ab_a100_build1/surface_b/metrics.json
contrast_ci,matched_eight_arm,B,paired_deltas_by_condition,,hybrid_kg_memory_16384,sliding_context_16384,delayed_probe,,,f1,,20.833333333333336,8.333333333333332,33.33333333333333,24,12,2000,73,results/persona_joint_kimi_ab_a100_build1/surface_b/metrics.json
contrast_ci,matched_eight_arm,B,paired_deltas_by_condition,,graphiti_memory_4096,sliding_context_4096,delayed_probe,,,exact_match,,25.0,12.5,41.66666666666667,24,12,2000,73,results/persona_joint_kimi_ab_a100_build1/surface_b/metrics.json
contrast_ci,matched_eight_arm,B,paired_deltas_by_condition,,graphiti_memory_4096,sliding_context_4096,delayed_probe,,,f1,,35.714285714285715,25.595238095238095,44.047619047619044,24,12,2000,73,results/persona_joint_kimi_ab_a100_build1/surface_b/metrics.json
contrast_ci,matched_eight_arm,B,paired_deltas_by_condition,,graphiti_memory_16384,sliding_context_16384,delayed_probe,,,exact_match,,4.166666666666666,0.0,12.5,24,12,2000,73,results/persona_joint_kimi_ab_a100_build1/surface_b/metrics.json
contrast_ci,matched_eight_arm,B,paired_deltas_by_condition,,graphiti_memory_16384,sliding_context_16384,delayed_probe,,,f1,,6.25,0.0,12.5,24,12,2000,73,results/persona_joint_kimi_ab_a100_build1/surface_b/metrics.json
contrast_ci,matched_eight_arm,B,paired_deltas_by_condition,,hybrid_kg_memory_4096,graphiti_memory_4096,delayed_probe,,,exact_match,,25.0,12.5,37.5,24,12,2000,73,results/persona_joint_kimi_ab_a100_build1/surface_b/metrics.json
contrast_ci,matched_eight_arm,B,paired_deltas_by_condition,,hybrid_kg_memory_4096,graphiti_memory_4096,delayed_probe,,,f1,,16.36904761904762,6.25,27.083333333333332,24,12,2000,73,results/persona_joint_kimi_ab_a100_build1/surface_b/metrics.json
contrast_ci,matched_eight_arm,B,paired_deltas_by_condition,,hybrid_kg_memory_16384,graphiti_memory_16384,delayed_probe,,,exact_match,,16.666666666666664,4.166666666666666,29.166666666666668,24,12,2000,73,results/persona_joint_kimi_ab_a100_build1/surface_b/metrics.json
contrast_ci,matched_eight_arm,B,paired_deltas_by_condition,,hybrid_kg_memory_16384,graphiti_memory_16384,delayed_probe,,,f1,,14.583333333333334,4.166666666666666,25.0,24,12,2000,73,results/persona_joint_kimi_ab_a100_build1/surface_b/metrics.json
contrast_ci,matched_eight_arm,B,paired_deltas_by_condition,,hybrid_kg_memory_4096,structured_memory_4096,delayed_probe,,,exact_match,,-25.0,-41.66666666666667,-4.166666666666666,24,12,2000,73,results/persona_joint_kimi_ab_a100_build1/surface_b/metrics.json
contrast_ci,matched_eight_arm,B,paired_deltas_by_condition,,hybrid_kg_memory_4096,structured_memory_4096,delayed_probe,,,f1,,-22.916666666666664,-39.58333333333333,-4.166666666666666,24,12,2000,73,results/persona_joint_kimi_ab_a100_build1/surface_b/metrics.json
contrast_ci,matched_eight_arm,B,paired_deltas_by_condition,,hybrid_kg_memory_16384,structured_memory_16384,delayed_probe,,,exact_match,,-4.166666666666666,-16.666666666666664,8.333333333333332,24,12,2000,73,results/persona_joint_kimi_ab_a100_build1/surface_b/metrics.json
contrast_ci,matched_eight_arm,B,paired_deltas_by_condition,,hybrid_kg_memory_16384,structured_memory_16384,delayed_probe,,,f1,,-2.083333333333333,-8.333333333333332,4.166666666666666,24,12,2000,73,results/persona_joint_kimi_ab_a100_build1/surface_b/metrics.json
contrast_ci,matched_eight_arm,B,paired_deltas_by_condition,,hybrid_kg_memory_4096,sliding_context_4096,post_update,,,exact_match,,37.5,20.833333333333336,54.166666666666664,24,12,2000,73,results/persona_joint_kimi_ab_a100_build1/surface_b/metrics.json
contrast_ci,matched_eight_arm,B,paired_deltas_by_condition,,hybrid_kg_memory_4096,sliding_context_4096,post_update,,,f1,,33.33333333333333,18.75,47.91666666666667,24,12,2000,73,results/persona_joint_kimi_ab_a100_build1/surface_b/metrics.json
contrast_ci,matched_eight_arm,B,paired_deltas_by_condition,,hybrid_kg_memory_16384,sliding_context_16384,post_update,,,exact_match,,33.33333333333333,16.666666666666664,50.0,24,12,2000,73,results/persona_joint_kimi_ab_a100_build1/surface_b/metrics.json
contrast_ci,matched_eight_arm,B,paired_deltas_by_condition,,hybrid_kg_memory_16384,sliding_context_16384,post_update,,,f1,,31.666666666666664,16.666666666666664,48.333333333333336,24,12,2000,73,results/persona_joint_kimi_ab_a100_build1/surface_b/metrics.json
contrast_ci,matched_eight_arm,B,paired_deltas_by_condition,,graphiti_memory_4096,sliding_context_4096,post_update,,,exact_match,,-4.166666666666666,-25.0,16.666666666666664,24,12,2000,73,results/persona_joint_kimi_ab_a100_build1/surface_b/metrics.json
contrast_ci,matched_eight_arm,B,paired_deltas_by_condition,,graphiti_memory_4096,sliding_context_4096,post_update,,,f1,,-2.083333333333333,-20.833333333333336,14.583333333333334,24,12,2000,73,results/persona_joint_kimi_ab_a100_build1/surface_b/metrics.json
contrast_ci,matched_eight_arm,B,paired_deltas_by_condition,,graphiti_memory_16384,sliding_context_16384,post_update,,,exact_match,,-4.166666666666666,-25.0,12.5,24,12,2000,73,results/persona_joint_kimi_ab_a100_build1/surface_b/metrics.json
contrast_ci,matched_eight_arm,B,paired_deltas_by_condition,,graphiti_memory_16384,sliding_context_16384,post_update,,,f1,,0.0,-16.666666666666664,14.583333333333334,24,12,2000,73,results/persona_joint_kimi_ab_a100_build1/surface_b/metrics.json
contrast_ci,matched_eight_arm,B,paired_deltas_by_condition,,hybrid_kg_memory_4096,graphiti_memory_4096,post_update,,,exact_match,,41.66666666666667,20.833333333333336,62.5,24,12,2000,73,results/persona_joint_kimi_ab_a100_build1/surface_b/metrics.json
contrast_ci,matched_eight_arm,B,paired_deltas_by_condition,,hybrid_kg_memory_4096,graphiti_memory_4096,post_update,,,f1,,35.41666666666667,18.75,52.083333333333336,24,12,2000,73,results/persona_joint_kimi_ab_a100_build1/surface_b/metrics.json
contrast_ci,matched_eight_arm,B,paired_deltas_by_condition,,hybrid_kg_memory_16384,graphiti_memory_16384,post_update,,,exact_match,,37.5,20.833333333333336,58.333333333333336,24,12,2000,73,results/persona_joint_kimi_ab_a100_build1/surface_b/metrics.json
contrast_ci,matched_eight_arm,B,paired_deltas_by_condition,,hybrid_kg_memory_16384,graphiti_memory_16384,post_update,,,f1,,31.666666666666664,15.0,48.75,24,12,2000,73,results/persona_joint_kimi_ab_a100_build1/surface_b/metrics.json
contrast_ci,matched_eight_arm,B,paired_deltas_by_condition,,hybrid_kg_memory_4096,structured_memory_4096,post_update,,,exact_match,,37.5,20.833333333333336,54.166666666666664,24,12,2000,73,results/persona_joint_kimi_ab_a100_build1/surface_b/metrics.json
contrast_ci,matched_eight_arm,B,paired_deltas_by_condition,,hybrid_kg_memory_4096,structured_memory_4096,post_update,,,f1,,33.33333333333333,18.75,47.91666666666667,24,12,2000,73,results/persona_joint_kimi_ab_a100_build1/surface_b/metrics.json
contrast_ci,matched_eight_arm,B,paired_deltas_by_condition,,hybrid_kg_memory_16384,structured_memory_16384,post_update,,,exact_match,,33.33333333333333,16.666666666666664,50.0,24,12,2000,73,results/persona_joint_kimi_ab_a100_build1/surface_b/metrics.json
contrast_ci,matched_eight_arm,B,paired_deltas_by_condition,,hybrid_kg_memory_16384,structured_memory_16384,post_update,,,f1,,31.666666666666664,16.666666666666664,48.333333333333336,24,12,2000,73,results/persona_joint_kimi_ab_a100_build1/surface_b/metrics.json
contrast_ci,matched_eight_arm,B,paired_deltas_by_condition,,hybrid_kg_memory_4096,sliding_context_4096,pre_update,,,exact_match,,-12.5,-29.166666666666668,4.166666666666666,24,12,2000,73,results/persona_joint_kimi_ab_a100_build1/surface_b/metrics.json
contrast_ci,matched_eight_arm,B,paired_deltas_by_condition,,hybrid_kg_memory_4096,sliding_context_4096,pre_update,,,f1,,-12.5,-29.166666666666668,4.166666666666666,24,12,2000,73,results/persona_joint_kimi_ab_a100_build1/surface_b/metrics.json
contrast_ci,matched_eight_arm,B,paired_deltas_by_condition,,hybrid_kg_memory_16384,sliding_context_16384,pre_update,,,exact_match,,-33.33333333333333,-45.83333333333333,-20.833333333333336,24,12,2000,73,results/persona_joint_kimi_ab_a100_build1/surface_b/metrics.json
contrast_ci,matched_eight_arm,B,paired_deltas_by_condition,,hybrid_kg_memory_16384,sliding_context_16384,pre_update,,,f1,,-33.33333333333333,-45.83333333333333,-20.833333333333336,24,12,2000,73,results/persona_joint_kimi_ab_a100_build1/surface_b/metrics.json
contrast_ci,matched_eight_arm,B,paired_deltas_by_condition,,graphiti_memory_4096,sliding_context_4096,pre_update,,,exact_match,,0.0,-12.5,12.5,24,12,2000,73,results/persona_joint_kimi_ab_a100_build1/surface_b/metrics.json
contrast_ci,matched_eight_arm,B,paired_deltas_by_condition,,graphiti_memory_4096,sliding_context_4096,pre_update,,,f1,,1.6666666666666667,-10.833333333333334,13.333333333333334,24,12,2000,73,results/persona_joint_kimi_ab_a100_build1/surface_b/metrics.json
contrast_ci,matched_eight_arm,B,paired_deltas_by_condition,,graphiti_memory_16384,sliding_context_16384,pre_update,,,exact_match,,-4.166666666666666,-20.833333333333336,8.333333333333332,24,12,2000,73,results/persona_joint_kimi_ab_a100_build1/surface_b/metrics.json
contrast_ci,matched_eight_arm,B,paired_deltas_by_condition,,graphiti_memory_16384,sliding_context_16384,pre_update,,,f1,,-4.166666666666666,-20.833333333333336,8.333333333333332,24,12,2000,73,results/persona_joint_kimi_ab_a100_build1/surface_b/metrics.json
contrast_ci,matched_eight_arm,B,paired_deltas_by_condition,,hybrid_kg_memory_4096,graphiti_memory_4096,pre_update,,,exact_match,,-12.5,-25.0,0.0,24,12,2000,73,results/persona_joint_kimi_ab_a100_build1/surface_b/metrics.json
contrast_ci,matched_eight_arm,B,paired_deltas_by_condition,,hybrid_kg_memory_4096,graphiti_memory_4096,pre_update,,,f1,,-14.166666666666666,-26.666666666666668,-4.166666666666666,24,12,2000,73,results/persona_joint_kimi_ab_a100_build1/surface_b/metrics.json
contrast_ci,matched_eight_arm,B,paired_deltas_by_condition,,hybrid_kg_memory_16384,graphiti_memory_16384,pre_update,,,exact_match,,-29.166666666666668,-41.66666666666667,-16.666666666666664,24,12,2000,73,results/persona_joint_kimi_ab_a100_build1/surface_b/metrics.json
contrast_ci,matched_eight_arm,B,paired_deltas_by_condition,,hybrid_kg_memory_16384,graphiti_memory_16384,pre_update,,,f1,,-29.166666666666668,-41.66666666666667,-16.666666666666664,24,12,2000,73,results/persona_joint_kimi_ab_a100_build1/surface_b/metrics.json
contrast_ci,matched_eight_arm,B,paired_deltas_by_condition,,hybrid_kg_memory_4096,structured_memory_4096,pre_update,,,exact_match,,-12.5,-29.166666666666668,4.166666666666666,24,12,2000,73,results/persona_joint_kimi_ab_a100_build1/surface_b/metrics.json
contrast_ci,matched_eight_arm,B,paired_deltas_by_condition,,hybrid_kg_memory_4096,structured_memory_4096,pre_update,,,f1,,-12.5,-29.166666666666668,4.166666666666666,24,12,2000,73,results/persona_joint_kimi_ab_a100_build1/surface_b/metrics.json
contrast_ci,matched_eight_arm,B,paired_deltas_by_condition,,hybrid_kg_memory_16384,structured_memory_16384,pre_update,,,exact_match,,-33.33333333333333,-45.83333333333333,-20.833333333333336,24,12,2000,73,results/persona_joint_kimi_ab_a100_build1/surface_b/metrics.json
contrast_ci,matched_eight_arm,B,paired_deltas_by_condition,,hybrid_kg_memory_16384,structured_memory_16384,pre_update,,,f1,,-33.33333333333333,-45.83333333333333,-20.833333333333336,24,12,2000,73,results/persona_joint_kimi_ab_a100_build1/surface_b/metrics.json
contrast_ci,matched_eight_arm,B,paired_deltas_by_condition,,hybrid_kg_memory_4096,sliding_context_4096,token_distance_4096,,,exact_match,,58.333333333333336,41.66666666666667,75.0,24,12,2000,73,results/persona_joint_kimi_ab_a100_build1/surface_b/metrics.json
contrast_ci,matched_eight_arm,B,paired_deltas_by_condition,,hybrid_kg_memory_4096,sliding_context_4096,token_distance_4096,,,f1,,58.333333333333336,42.083333333333336,72.91666666666666,24,12,2000,73,results/persona_joint_kimi_ab_a100_build1/surface_b/metrics.json
contrast_ci,matched_eight_arm,B,paired_deltas_by_condition,,hybrid_kg_memory_16384,sliding_context_16384,token_distance_4096,,,exact_match,,25.0,12.5,37.5,24,12,2000,73,results/persona_joint_kimi_ab_a100_build1/surface_b/metrics.json
contrast_ci,matched_eight_arm,B,paired_deltas_by_condition,,hybrid_kg_memory_16384,sliding_context_16384,token_distance_4096,,,f1,,17.77777777777778,5.694444444444445,31.666666666666664,24,12,2000,73,results/persona_joint_kimi_ab_a100_build1/surface_b/metrics.json
contrast_ci,matched_eight_arm,B,paired_deltas_by_condition,,graphiti_memory_4096,sliding_context_4096,token_distance_4096,,,exact_match,,12.5,0.0,29.166666666666668,24,12,2000,73,results/persona_joint_kimi_ab_a100_build1/surface_b/metrics.json
contrast_ci,matched_eight_arm,B,paired_deltas_by_condition,,graphiti_memory_4096,sliding_context_4096,token_distance_4096,,,f1,,17.083333333333332,6.25,30.833333333333336,24,12,2000,73,results/persona_joint_kimi_ab_a100_build1/surface_b/metrics.json
contrast_ci,matched_eight_arm,B,paired_deltas_by_condition,,graphiti_memory_16384,sliding_context_16384,token_distance_4096,,,exact_match,,12.5,0.0,25.0,24,12,2000,73,results/persona_joint_kimi_ab_a100_build1/surface_b/metrics.json
contrast_ci,matched_eight_arm,B,paired_deltas_by_condition,,graphiti_memory_16384,sliding_context_16384,token_distance_4096,,,f1,,6.666666666666667,0.0,13.750000000000002,24,12,2000,73,results/persona_joint_kimi_ab_a100_build1/surface_b/metrics.json
contrast_ci,matched_eight_arm,B,paired_deltas_by_condition,,hybrid_kg_memory_4096,graphiti_memory_4096,token_distance_4096,,,exact_match,,45.83333333333333,33.33333333333333,58.333333333333336,24,12,2000,73,results/persona_joint_kimi_ab_a100_build1/surface_b/metrics.json
contrast_ci,matched_eight_arm,B,paired_deltas_by_condition,,hybrid_kg_memory_4096,graphiti_memory_4096,token_distance_4096,,,f1,,41.25,22.916666666666664,59.583333333333336,24,12,2000,73,results/persona_joint_kimi_ab_a100_build1/surface_b/metrics.json
contrast_ci,matched_eight_arm,B,paired_deltas_by_condition,,hybrid_kg_memory_16384,graphiti_memory_16384,token_distance_4096,,,exact_match,,12.5,4.166666666666666,25.0,24,12,2000,73,results/persona_joint_kimi_ab_a100_build1/surface_b/metrics.json
contrast_ci,matched_eight_arm,B,paired_deltas_by_condition,,hybrid_kg_memory_16384,graphiti_memory_16384,token_distance_4096,,,f1,,11.11111111111111,0.0,25.0,24,12,2000,73,results/persona_joint_kimi_ab_a100_build1/surface_b/metrics.json
contrast_ci,matched_eight_arm,B,paired_deltas_by_condition,,hybrid_kg_memory_4096,structured_memory_4096,token_distance_4096,,,exact_match,,25.0,8.333333333333332,41.66666666666667,24,12,2000,73,results/persona_joint_kimi_ab_a100_build1/surface_b/metrics.json
contrast_ci,matched_eight_arm,B,paired_deltas_by_condition,,hybrid_kg_memory_4096,structured_memory_4096,token_distance_4096,,,f1,,29.166666666666668,10.833333333333334,45.416666666666664,24,12,2000,73,results/persona_joint_kimi_ab_a100_build1/surface_b/metrics.json
contrast_ci,matched_eight_arm,B,paired_deltas_by_condition,,hybrid_kg_memory_16384,structured_memory_16384,token_distance_4096,,,exact_match,,16.666666666666664,4.166666666666666,29.166666666666668,24,12,2000,73,results/persona_joint_kimi_ab_a100_build1/surface_b/metrics.json
contrast_ci,matched_eight_arm,B,paired_deltas_by_condition,,hybrid_kg_memory_16384,structured_memory_16384,token_distance_4096,,,f1,,13.194444444444445,0.6944444444444448,27.083333333333332,24,12,2000,73,results/persona_joint_kimi_ab_a100_build1/surface_b/metrics.json
contrast_ci,matched_eight_arm,B,paired_deltas_by_condition,,hybrid_kg_memory_4096,sliding_context_4096,token_distance_8192,,,exact_match,,54.166666666666664,41.66666666666667,66.66666666666666,24,12,2000,73,results/persona_joint_kimi_ab_a100_build1/surface_b/metrics.json
contrast_ci,matched_eight_arm,B,paired_deltas_by_condition,,hybrid_kg_memory_4096,sliding_context_4096,token_distance_8192,,,f1,,55.833333333333336,43.75,68.75,24,12,2000,73,results/persona_joint_kimi_ab_a100_build1/surface_b/metrics.json
contrast_ci,matched_eight_arm,B,paired_deltas_by_condition,,hybrid_kg_memory_16384,sliding_context_16384,token_distance_8192,,,exact_match,,8.333333333333332,-12.5,29.166666666666668,24,12,2000,73,results/persona_joint_kimi_ab_a100_build1/surface_b/metrics.json
contrast_ci,matched_eight_arm,B,paired_deltas_by_condition,,hybrid_kg_memory_16384,sliding_context_16384,token_distance_8192,,,f1,,6.666666666666667,-12.5,24.166666666666668,24,12,2000,73,results/persona_joint_kimi_ab_a100_build1/surface_b/metrics.json
contrast_ci,matched_eight_arm,B,paired_deltas_by_condition,,graphiti_memory_4096,sliding_context_4096,token_distance_8192,,,exact_match,,25.0,12.5,37.5,24,12,2000,73,results/persona_joint_kimi_ab_a100_build1/surface_b/metrics.json
contrast_ci,matched_eight_arm,B,paired_deltas_by_condition,,graphiti_memory_4096,sliding_context_4096,token_distance_8192,,,f1,,31.13095238095238,20.714285714285715,41.54761904761905,24,12,2000,73,results/persona_joint_kimi_ab_a100_build1/surface_b/metrics.json
contrast_ci,matched_eight_arm,B,paired_deltas_by_condition,,graphiti_memory_16384,sliding_context_16384,token_distance_8192,,,exact_match,,4.166666666666666,-8.333333333333332,16.666666666666664,24,12,2000,73,results/persona_joint_kimi_ab_a100_build1/surface_b/metrics.json
contrast_ci,matched_eight_arm,B,paired_deltas_by_condition,,graphiti_memory_16384,sliding_context_16384,token_distance_8192,,,f1,,3.4722222222222223,-9.166666666666668,15.138888888888888,24,12,2000,73,results/persona_joint_kimi_ab_a100_build1/surface_b/metrics.json
contrast_ci,matched_eight_arm,B,paired_deltas_by_condition,,hybrid_kg_memory_4096,graphiti_memory_4096,token_distance_8192,,,exact_match,,29.166666666666668,8.333333333333332,50.0,24,12,2000,73,results/persona_joint_kimi_ab_a100_build1/surface_b/metrics.json
contrast_ci,matched_eight_arm,B,paired_deltas_by_condition,,hybrid_kg_memory_4096,graphiti_memory_4096,token_distance_8192,,,f1,,24.702380952380953,10.119047619047619,41.25,24,12,2000,73,results/persona_joint_kimi_ab_a100_build1/surface_b/metrics.json
contrast_ci,matched_eight_arm,B,paired_deltas_by_condition,,hybrid_kg_memory_16384,graphiti_memory_16384,token_distance_8192,,,exact_match,,4.166666666666666,-8.333333333333332,20.833333333333336,24,12,2000,73,results/persona_joint_kimi_ab_a100_build1/surface_b/metrics.json
contrast_ci,matched_eight_arm,B,paired_deltas_by_condition,,hybrid_kg_memory_16384,graphiti_memory_16384,token_distance_8192,,,f1,,3.194444444444444,-11.11111111111111,18.88888888888889,24,12,2000,73,results/persona_joint_kimi_ab_a100_build1/surface_b/metrics.json
contrast_ci,matched_eight_arm,B,paired_deltas_by_condition,,hybrid_kg_memory_4096,structured_memory_4096,token_distance_8192,,,exact_match,,8.333333333333332,-8.333333333333332,25.0,24,12,2000,73,results/persona_joint_kimi_ab_a100_build1/surface_b/metrics.json
contrast_ci,matched_eight_arm,B,paired_deltas_by_condition,,hybrid_kg_memory_4096,structured_memory_4096,token_distance_8192,,,f1,,12.083333333333334,-2.083333333333333,28.749999999999996,24,12,2000,73,results/persona_joint_kimi_ab_a100_build1/surface_b/metrics.json
contrast_ci,matched_eight_arm,B,paired_deltas_by_condition,,hybrid_kg_memory_16384,structured_memory_16384,token_distance_8192,,,exact_match,,4.166666666666666,-12.5,25.0,24,12,2000,73,results/persona_joint_kimi_ab_a100_build1/surface_b/metrics.json
contrast_ci,matched_eight_arm,B,paired_deltas_by_condition,,hybrid_kg_memory_16384,structured_memory_16384,token_distance_8192,,,f1,,4.166666666666666,-12.5,22.916666666666664,24,12,2000,73,results/persona_joint_kimi_ab_a100_build1/surface_b/metrics.json
contrast_ci,matched_eight_arm,B,paired_deltas_by_query_family,,hybrid_kg_memory_4096,sliding_context_4096,,preference_change,,exact_match,,13.333333333333334,1.6666666666666667,26.666666666666668,60,12,2000,73,results/persona_joint_kimi_ab_a100_build1/surface_b/metrics.json
contrast_ci,matched_eight_arm,B,paired_deltas_by_query_family,,hybrid_kg_memory_4096,sliding_context_4096,,preference_change,,f1,,15.666666666666668,3.3333333333333335,28.166666666666668,60,12,2000,73,results/persona_joint_kimi_ab_a100_build1/surface_b/metrics.json
contrast_ci,matched_eight_arm,B,paired_deltas_by_query_family,,hybrid_kg_memory_16384,sliding_context_16384,,preference_change,,exact_match,,5.0,-8.333333333333332,18.333333333333332,60,12,2000,73,results/persona_joint_kimi_ab_a100_build1/surface_b/metrics.json
contrast_ci,matched_eight_arm,B,paired_deltas_by_query_family,,hybrid_kg_memory_16384,sliding_context_16384,,preference_change,,f1,,5.277777777777778,-7.222222222222221,17.77777777777778,60,12,2000,73,results/persona_joint_kimi_ab_a100_build1/surface_b/metrics.json
contrast_ci,matched_eight_arm,B,paired_deltas_by_query_family,,graphiti_memory_4096,sliding_context_4096,,preference_change,,exact_match,,0.0,-10.0,10.0,60,12,2000,73,results/persona_joint_kimi_ab_a100_build1/surface_b/metrics.json
contrast_ci,matched_eight_arm,B,paired_deltas_by_query_family,,graphiti_memory_4096,sliding_context_4096,,preference_change,,f1,,-0.6666666666666667,-10.833333333333334,8.833333333333334,60,12,2000,73,results/persona_joint_kimi_ab_a100_build1/surface_b/metrics.json
contrast_ci,matched_eight_arm,B,paired_deltas_by_query_family,,graphiti_memory_16384,sliding_context_16384,,preference_change,,exact_match,,-3.3333333333333335,-11.666666666666666,3.3333333333333335,60,12,2000,73,results/persona_joint_kimi_ab_a100_build1/surface_b/metrics.json
contrast_ci,matched_eight_arm,B,paired_deltas_by_query_family,,graphiti_memory_16384,sliding_context_16384,,preference_change,,f1,,-1.277777777777778,-10.0,5.833333333333333,60,12,2000,73,results/persona_joint_kimi_ab_a100_build1/surface_b/metrics.json
contrast_ci,matched_eight_arm,B,paired_deltas_by_query_family,,hybrid_kg_memory_4096,graphiti_memory_4096,,preference_change,,exact_match,,13.333333333333334,0.0,26.666666666666668,60,12,2000,73,results/persona_joint_kimi_ab_a100_build1/surface_b/metrics.json
contrast_ci,matched_eight_arm,B,paired_deltas_by_query_family,,hybrid_kg_memory_4096,graphiti_memory_4096,,preference_change,,f1,,16.333333333333332,2.5,29.166666666666668,60,12,2000,73,results/persona_joint_kimi_ab_a100_build1/surface_b/metrics.json
contrast_ci,matched_eight_arm,B,paired_deltas_by_query_family,,hybrid_kg_memory_16384,graphiti_memory_16384,,preference_change,,exact_match,,8.333333333333332,-5.0,20.0,60,12,2000,73,results/persona_joint_kimi_ab_a100_build1/surface_b/metrics.json
contrast_ci,matched_eight_arm,B,paired_deltas_by_query_family,,hybrid_kg_memory_16384,graphiti_memory_16384,,preference_change,,f1,,6.555555555555556,-6.222222222222222,18.333333333333332,60,12,2000,73,results/persona_joint_kimi_ab_a100_build1/surface_b/metrics.json
contrast_ci,matched_eight_arm,B,paired_deltas_by_query_family,,hybrid_kg_memory_4096,structured_memory_4096,,preference_change,,exact_match,,3.3333333333333335,-11.666666666666666,20.0,60,12,2000,73,results/persona_joint_kimi_ab_a100_build1/surface_b/metrics.json
contrast_ci,matched_eight_arm,B,paired_deltas_by_query_family,,hybrid_kg_memory_4096,structured_memory_4096,,preference_change,,f1,,5.666666666666666,-10.0,23.5,60,12,2000,73,results/persona_joint_kimi_ab_a100_build1/surface_b/metrics.json
contrast_ci,matched_eight_arm,B,paired_deltas_by_query_family,,hybrid_kg_memory_16384,structured_memory_16384,,preference_change,,exact_match,,5.0,-8.333333333333332,18.333333333333332,60,12,2000,73,results/persona_joint_kimi_ab_a100_build1/surface_b/metrics.json
contrast_ci,matched_eight_arm,B,paired_deltas_by_query_family,,hybrid_kg_memory_16384,structured_memory_16384,,preference_change,,f1,,5.277777777777778,-8.055555555555555,18.333333333333332,60,12,2000,73,results/persona_joint_kimi_ab_a100_build1/surface_b/metrics.json
contrast_ci,matched_eight_arm,B,paired_deltas_by_query_family,,hybrid_kg_memory_4096,sliding_context_4096,,preference_incongruity,,exact_match,,61.66666666666667,50.0,71.66666666666667,60,12,2000,73,results/persona_joint_kimi_ab_a100_build1/surface_b/metrics.json
contrast_ci,matched_eight_arm,B,paired_deltas_by_query_family,,hybrid_kg_memory_4096,sliding_context_4096,,preference_incongruity,,f1,,59.166666666666664,51.66666666666667,65.83333333333333,60,12,2000,73,results/persona_joint_kimi_ab_a100_build1/surface_b/metrics.json
contrast_ci,matched_eight_arm,B,paired_deltas_by_query_family,,hybrid_kg_memory_16384,sliding_context_16384,,preference_incongruity,,exact_match,,16.666666666666664,5.0,30.0,60,12,2000,73,results/persona_joint_kimi_ab_a100_build1/surface_b/metrics.json
contrast_ci,matched_eight_arm,B,paired_deltas_by_query_family,,hybrid_kg_memory_16384,sliding_context_16384,,preference_incongruity,,f1,,12.166666666666666,3.3333333333333335,19.833333333333332,60,12,2000,73,results/persona_joint_kimi_ab_a100_build1/surface_b/metrics.json
contrast_ci,matched_eight_arm,B,paired_deltas_by_query_family,,graphiti_memory_4096,sliding_context_4096,,preference_incongruity,,exact_match,,23.333333333333332,11.666666666666666,35.0,60,12,2000,73,results/persona_joint_kimi_ab_a100_build1/surface_b/metrics.json
contrast_ci,matched_eight_arm,B,paired_deltas_by_query_family,,graphiti_memory_4096,sliding_context_4096,,preference_incongruity,,f1,,34.07142857142857,27.333333333333332,41.5,60,12,2000,73,results/persona_joint_kimi_ab_a100_build1/surface_b/metrics.json
contrast_ci,matched_eight_arm,B,paired_deltas_by_query_family,,graphiti_memory_16384,sliding_context_16384,,preference_incongruity,,exact_match,,8.333333333333332,-1.6666666666666667,21.666666666666668,60,12,2000,73,results/persona_joint_kimi_ab_a100_build1/surface_b/metrics.json
contrast_ci,matched_eight_arm,B,paired_deltas_by_query_family,,graphiti_memory_16384,sliding_context_16384,,preference_incongruity,,f1,,6.166666666666667,0.8333333333333334,12.666666666666668,60,12,2000,73,results/persona_joint_kimi_ab_a100_build1/surface_b/metrics.json
contrast_ci,matched_eight_arm,B,paired_deltas_by_query_family,,hybrid_kg_memory_4096,graphiti_memory_4096,,preference_incongruity,,exact_match,,38.333333333333336,21.666666666666668,55.00000000000001,60,12,2000,73,results/persona_joint_kimi_ab_a100_build1/surface_b/metrics.json
contrast_ci,matched_eight_arm,B,paired_deltas_by_query_family,,hybrid_kg_memory_4096,graphiti_memory_4096,,preference_incongruity,,f1,,25.09523809523809,14.166666666666666,35.857142857142854,60,12,2000,73,results/persona_joint_kimi_ab_a100_build1/surface_b/metrics.json
contrast_ci,matched_eight_arm,B,paired_deltas_by_query_family,,hybrid_kg_memory_16384,graphiti_memory_16384,,preference_incongruity,,exact_match,,8.333333333333332,0.0,16.666666666666664,60,12,2000,73,results/persona_joint_kimi_ab_a100_build1/surface_b/metrics.json
contrast_ci,matched_eight_arm,B,paired_deltas_by_query_family,,hybrid_kg_memory_16384,graphiti_memory_16384,,preference_incongruity,,f1,,6.0,-1.3333333333333335,12.833333333333332,60,12,2000,73,results/persona_joint_kimi_ab_a100_build1/surface_b/metrics.json
contrast_ci,matched_eight_arm,B,paired_deltas_by_query_family,,hybrid_kg_memory_4096,structured_memory_4096,,preference_incongruity,,exact_match,,10.0,-5.0,23.333333333333332,60,12,2000,73,results/persona_joint_kimi_ab_a100_build1/surface_b/metrics.json
contrast_ci,matched_eight_arm,B,paired_deltas_by_query_family,,hybrid_kg_memory_4096,structured_memory_4096,,preference_incongruity,,f1,,10.0,-1.6666666666666667,21.666666666666668,60,12,2000,73,results/persona_joint_kimi_ab_a100_build1/surface_b/metrics.json
contrast_ci,matched_eight_arm,B,paired_deltas_by_query_family,,hybrid_kg_memory_16384,structured_memory_16384,,preference_incongruity,,exact_match,,1.6666666666666667,-3.3333333333333335,6.666666666666667,60,12,2000,73,results/persona_joint_kimi_ab_a100_build1/surface_b/metrics.json
contrast_ci,matched_eight_arm,B,paired_deltas_by_query_family,,hybrid_kg_memory_16384,structured_memory_16384,,preference_incongruity,,f1,,0.16666666666666663,-2.5,3.0,60,12,2000,73,results/persona_joint_kimi_ab_a100_build1/surface_b/metrics.json
contrast_ci,matched_eight_arm,B,paired_deltas_by_condition_query_family,,hybrid_kg_memory_4096,sliding_context_4096,delayed_probe,preference_change,,exact_match,,8.333333333333332,0.0,25.0,12,12,2000,73,results/persona_joint_kimi_ab_a100_build1/surface_b/metrics.json
contrast_ci,matched_eight_arm,B,paired_deltas_by_condition_query_family,,hybrid_kg_memory_4096,sliding_context_4096,delayed_probe,preference_change,,f1,,8.333333333333332,0.0,25.0,12,12,2000,73,results/persona_joint_kimi_ab_a100_build1/surface_b/metrics.json
contrast_ci,matched_eight_arm,B,paired_deltas_by_condition_query_family,,hybrid_kg_memory_16384,sliding_context_16384,delayed_probe,preference_change,,exact_match,,0.0,0.0,0.0,12,12,2000,73,results/persona_joint_kimi_ab_a100_build1/surface_b/metrics.json
contrast_ci,matched_eight_arm,B,paired_deltas_by_condition_query_family,,hybrid_kg_memory_16384,sliding_context_16384,delayed_probe,preference_change,,f1,,0.0,0.0,0.0,12,12,2000,73,results/persona_joint_kimi_ab_a100_build1/surface_b/metrics.json
contrast_ci,matched_eight_arm,B,paired_deltas_by_condition_query_family,,graphiti_memory_4096,sliding_context_4096,delayed_probe,preference_change,,exact_match,,0.0,0.0,0.0,12,12,2000,73,results/persona_joint_kimi_ab_a100_build1/surface_b/metrics.json
contrast_ci,matched_eight_arm,B,paired_deltas_by_condition_query_family,,graphiti_memory_4096,sliding_context_4096,delayed_probe,preference_change,,f1,,0.0,0.0,0.0,12,12,2000,73,results/persona_joint_kimi_ab_a100_build1/surface_b/metrics.json
contrast_ci,matched_eight_arm,B,paired_deltas_by_condition_query_family,,graphiti_memory_16384,sliding_context_16384,delayed_probe,preference_change,,exact_match,,0.0,0.0,0.0,12,12,2000,73,results/persona_joint_kimi_ab_a100_build1/surface_b/metrics.json
contrast_ci,matched_eight_arm,B,paired_deltas_by_condition_query_family,,graphiti_memory_16384,sliding_context_16384,delayed_probe,preference_change,,f1,,0.0,0.0,0.0,12,12,2000,73,results/persona_joint_kimi_ab_a100_build1/surface_b/metrics.json
contrast_ci,matched_eight_arm,B,paired_deltas_by_condition_query_family,,hybrid_kg_memory_4096,graphiti_memory_4096,delayed_probe,preference_change,,exact_match,,8.333333333333332,0.0,25.0,12,12,2000,73,results/persona_joint_kimi_ab_a100_build1/surface_b/metrics.json
contrast_ci,matched_eight_arm,B,paired_deltas_by_condition_query_family,,hybrid_kg_memory_4096,graphiti_memory_4096,delayed_probe,preference_change,,f1,,8.333333333333332,0.0,25.0,12,12,2000,73,results/persona_joint_kimi_ab_a100_build1/surface_b/metrics.json
contrast_ci,matched_eight_arm,B,paired_deltas_by_condition_query_family,,hybrid_kg_memory_16384,graphiti_memory_16384,delayed_probe,preference_change,,exact_match,,0.0,0.0,0.0,12,12,2000,73,results/persona_joint_kimi_ab_a100_build1/surface_b/metrics.json
contrast_ci,matched_eight_arm,B,paired_deltas_by_condition_query_family,,hybrid_kg_memory_16384,graphiti_memory_16384,delayed_probe,preference_change,,f1,,0.0,0.0,0.0,12,12,2000,73,results/persona_joint_kimi_ab_a100_build1/surface_b/metrics.json
contrast_ci,matched_eight_arm,B,paired_deltas_by_condition_query_family,,hybrid_kg_memory_4096,structured_memory_4096,delayed_probe,preference_change,,exact_match,,-41.66666666666667,-75.0,0.0,12,12,2000,73,results/persona_joint_kimi_ab_a100_build1/surface_b/metrics.json
contrast_ci,matched_eight_arm,B,paired_deltas_by_condition_query_family,,hybrid_kg_memory_4096,structured_memory_4096,delayed_probe,preference_change,,f1,,-41.66666666666667,-75.0,0.0,12,12,2000,73,results/persona_joint_kimi_ab_a100_build1/surface_b/metrics.json
contrast_ci,matched_eight_arm,B,paired_deltas_by_condition_query_family,,hybrid_kg_memory_16384,structured_memory_16384,delayed_probe,preference_change,,exact_match,,0.0,0.0,0.0,12,12,2000,73,results/persona_joint_kimi_ab_a100_build1/surface_b/metrics.json
contrast_ci,matched_eight_arm,B,paired_deltas_by_condition_query_family,,hybrid_kg_memory_16384,structured_memory_16384,delayed_probe,preference_change,,f1,,0.0,0.0,0.0,12,12,2000,73,results/persona_joint_kimi_ab_a100_build1/surface_b/metrics.json
contrast_ci,matched_eight_arm,B,paired_deltas_by_condition_query_family,,hybrid_kg_memory_4096,sliding_context_4096,delayed_probe,preference_incongruity,,exact_match,,91.66666666666666,75.0,100.0,12,12,2000,73,results/persona_joint_kimi_ab_a100_build1/surface_b/metrics.json
contrast_ci,matched_eight_arm,B,paired_deltas_by_condition_query_family,,hybrid_kg_memory_4096,sliding_context_4096,delayed_probe,preference_incongruity,,f1,,95.83333333333334,87.5,100.0,12,12,2000,73,results/persona_joint_kimi_ab_a100_build1/surface_b/metrics.json
contrast_ci,matched_eight_arm,B,paired_deltas_by_condition_query_family,,hybrid_kg_memory_16384,sliding_context_16384,delayed_probe,preference_incongruity,,exact_match,,41.66666666666667,16.666666666666664,66.66666666666666,12,12,2000,73,results/persona_joint_kimi_ab_a100_build1/surface_b/metrics.json
contrast_ci,matched_eight_arm,B,paired_deltas_by_condition_query_family,,hybrid_kg_memory_16384,sliding_context_16384,delayed_probe,preference_incongruity,,f1,,41.66666666666667,16.666666666666664,66.66666666666666,12,12,2000,73,results/persona_joint_kimi_ab_a100_build1/surface_b/metrics.json
contrast_ci,matched_eight_arm,B,paired_deltas_by_condition_query_family,,graphiti_memory_4096,sliding_context_4096,delayed_probe,preference_incongruity,,exact_match,,50.0,25.0,83.33333333333334,12,12,2000,73,results/persona_joint_kimi_ab_a100_build1/surface_b/metrics.json
contrast_ci,matched_eight_arm,B,paired_deltas_by_condition_query_family,,graphiti_memory_4096,sliding_context_4096,delayed_probe,preference_incongruity,,f1,,71.42857142857143,51.19047619047619,88.09523809523809,12,12,2000,73,results/persona_joint_kimi_ab_a100_build1/surface_b/metrics.json
contrast_ci,matched_eight_arm,B,paired_deltas_by_condition_query_family,,graphiti_memory_16384,sliding_context_16384,delayed_probe,preference_incongruity,,exact_match,,8.333333333333332,0.0,25.0,12,12,2000,73,results/persona_joint_kimi_ab_a100_build1/surface_b/metrics.json
contrast_ci,matched_eight_arm,B,paired_deltas_by_condition_query_family,,graphiti_memory_16384,sliding_context_16384,delayed_probe,preference_incongruity,,f1,,12.5,0.0,25.0,12,12,2000,73,results/persona_joint_kimi_ab_a100_build1/surface_b/metrics.json
contrast_ci,matched_eight_arm,B,paired_deltas_by_condition_query_family,,hybrid_kg_memory_4096,graphiti_memory_4096,delayed_probe,preference_incongruity,,exact_match,,41.66666666666667,16.666666666666664,75.0,12,12,2000,73,results/persona_joint_kimi_ab_a100_build1/surface_b/metrics.json
contrast_ci,matched_eight_arm,B,paired_deltas_by_condition_query_family,,hybrid_kg_memory_4096,graphiti_memory_4096,delayed_probe,preference_incongruity,,f1,,24.404761904761905,8.333333333333332,45.23809523809524,12,12,2000,73,results/persona_joint_kimi_ab_a100_build1/surface_b/metrics.json
contrast_ci,matched_eight_arm,B,paired_deltas_by_condition_query_family,,hybrid_kg_memory_16384,graphiti_memory_16384,delayed_probe,preference_incongruity,,exact_match,,33.33333333333333,8.333333333333332,58.333333333333336,12,12,2000,73,results/persona_joint_kimi_ab_a100_build1/surface_b/metrics.json
contrast_ci,matched_eight_arm,B,paired_deltas_by_condition_query_family,,hybrid_kg_memory_16384,graphiti_memory_16384,delayed_probe,preference_incongruity,,f1,,29.166666666666668,8.333333333333332,50.0,12,12,2000,73,results/persona_joint_kimi_ab_a100_build1/surface_b/metrics.json
contrast_ci,matched_eight_arm,B,paired_deltas_by_condition_query_family,,hybrid_kg_memory_4096,structured_memory_4096,delayed_probe,preference_incongruity,,exact_match,,-8.333333333333332,-25.0,0.0,12,12,2000,73,results/persona_joint_kimi_ab_a100_build1/surface_b/metrics.json
contrast_ci,matched_eight_arm,B,paired_deltas_by_condition_query_family,,hybrid_kg_memory_4096,structured_memory_4096,delayed_probe,preference_incongruity,,f1,,-4.166666666666666,-12.5,0.0,12,12,2000,73,results/persona_joint_kimi_ab_a100_build1/surface_b/metrics.json
contrast_ci,matched_eight_arm,B,paired_deltas_by_condition_query_family,,hybrid_kg_memory_16384,structured_memory_16384,delayed_probe,preference_incongruity,,exact_match,,-8.333333333333332,-33.33333333333333,16.666666666666664,12,12,2000,73,results/persona_joint_kimi_ab_a100_build1/surface_b/metrics.json
contrast_ci,matched_eight_arm,B,paired_deltas_by_condition_query_family,,hybrid_kg_memory_16384,structured_memory_16384,delayed_probe,preference_incongruity,,f1,,-4.166666666666666,-16.666666666666664,8.333333333333332,12,12,2000,73,results/persona_joint_kimi_ab_a100_build1/surface_b/metrics.json
contrast_ci,matched_eight_arm,B,paired_deltas_by_condition_query_family,,hybrid_kg_memory_4096,sliding_context_4096,post_update,preference_change,,exact_match,,50.0,25.0,75.0,12,12,2000,73,results/persona_joint_kimi_ab_a100_build1/surface_b/metrics.json
contrast_ci,matched_eight_arm,B,paired_deltas_by_condition_query_family,,hybrid_kg_memory_4096,sliding_context_4096,post_update,preference_change,,f1,,50.0,25.0,75.0,12,12,2000,73,results/persona_joint_kimi_ab_a100_build1/surface_b/metrics.json
contrast_ci,matched_eight_arm,B,paired_deltas_by_condition_query_family,,hybrid_kg_memory_16384,sliding_context_16384,post_update,preference_change,,exact_match,,58.333333333333336,33.33333333333333,83.33333333333334,12,12,2000,73,results/persona_joint_kimi_ab_a100_build1/surface_b/metrics.json
contrast_ci,matched_eight_arm,B,paired_deltas_by_condition_query_family,,hybrid_kg_memory_16384,sliding_context_16384,post_update,preference_change,,f1,,58.333333333333336,33.33333333333333,83.33333333333334,12,12,2000,73,results/persona_joint_kimi_ab_a100_build1/surface_b/metrics.json
contrast_ci,matched_eight_arm,B,paired_deltas_by_condition_query_family,,graphiti_memory_4096,sliding_context_4096,post_update,preference_change,,exact_match,,-8.333333333333332,-33.33333333333333,16.666666666666664,12,12,2000,73,results/persona_joint_kimi_ab_a100_build1/surface_b/metrics.json
contrast_ci,matched_eight_arm,B,paired_deltas_by_condition_query_family,,graphiti_memory_4096,sliding_context_4096,post_update,preference_change,,f1,,-4.166666666666666,-33.33333333333333,25.0,12,12,2000,73,results/persona_joint_kimi_ab_a100_build1/surface_b/metrics.json
contrast_ci,matched_eight_arm,B,paired_deltas_by_condition_query_family,,graphiti_memory_16384,sliding_context_16384,post_update,preference_change,,exact_match,,0.0,-25.0,25.0,12,12,2000,73,results/persona_joint_kimi_ab_a100_build1/surface_b/metrics.json
contrast_ci,matched_eight_arm,B,paired_deltas_by_condition_query_family,,graphiti_memory_16384,sliding_context_16384,post_update,preference_change,,f1,,4.166666666666666,-16.666666666666664,29.166666666666668,12,12,2000,73,results/persona_joint_kimi_ab_a100_build1/surface_b/metrics.json
contrast_ci,matched_eight_arm,B,paired_deltas_by_condition_query_family,,hybrid_kg_memory_4096,graphiti_memory_4096,post_update,preference_change,,exact_match,,58.333333333333336,33.33333333333333,83.33333333333334,12,12,2000,73,results/persona_joint_kimi_ab_a100_build1/surface_b/metrics.json
contrast_ci,matched_eight_arm,B,paired_deltas_by_condition_query_family,,hybrid_kg_memory_4096,graphiti_memory_4096,post_update,preference_change,,f1,,54.166666666666664,29.166666666666668,83.33333333333334,12,12,2000,73,results/persona_joint_kimi_ab_a100_build1/surface_b/metrics.json
contrast_ci,matched_eight_arm,B,paired_deltas_by_condition_query_family,,hybrid_kg_memory_16384,graphiti_memory_16384,post_update,preference_change,,exact_match,,58.333333333333336,33.33333333333333,83.33333333333334,12,12,2000,73,results/persona_joint_kimi_ab_a100_build1/surface_b/metrics.json
contrast_ci,matched_eight_arm,B,paired_deltas_by_condition_query_family,,hybrid_kg_memory_16384,graphiti_memory_16384,post_update,preference_change,,f1,,54.166666666666664,29.166666666666668,79.16666666666666,12,12,2000,73,results/persona_joint_kimi_ab_a100_build1/surface_b/metrics.json
contrast_ci,matched_eight_arm,B,paired_deltas_by_condition_query_family,,hybrid_kg_memory_4096,structured_memory_4096,post_update,preference_change,,exact_match,,50.0,25.0,75.0,12,12,2000,73,results/persona_joint_kimi_ab_a100_build1/surface_b/metrics.json
contrast_ci,matched_eight_arm,B,paired_deltas_by_condition_query_family,,hybrid_kg_memory_4096,structured_memory_4096,post_update,preference_change,,f1,,50.0,25.0,75.0,12,12,2000,73,results/persona_joint_kimi_ab_a100_build1/surface_b/metrics.json
contrast_ci,matched_eight_arm,B,paired_deltas_by_condition_query_family,,hybrid_kg_memory_16384,structured_memory_16384,post_update,preference_change,,exact_match,,58.333333333333336,33.33333333333333,83.33333333333334,12,12,2000,73,results/persona_joint_kimi_ab_a100_build1/surface_b/metrics.json
contrast_ci,matched_eight_arm,B,paired_deltas_by_condition_query_family,,hybrid_kg_memory_16384,structured_memory_16384,post_update,preference_change,,f1,,58.333333333333336,33.33333333333333,83.33333333333334,12,12,2000,73,results/persona_joint_kimi_ab_a100_build1/surface_b/metrics.json
contrast_ci,matched_eight_arm,B,paired_deltas_by_condition_query_family,,hybrid_kg_memory_4096,sliding_context_4096,post_update,preference_incongruity,,exact_match,,25.0,0.0,50.0,12,12,2000,73,results/persona_joint_kimi_ab_a100_build1/surface_b/metrics.json
contrast_ci,matched_eight_arm,B,paired_deltas_by_condition_query_family,,hybrid_kg_memory_4096,sliding_context_4096,post_update,preference_incongruity,,f1,,16.666666666666664,0.0,33.33333333333333,12,12,2000,73,results/persona_joint_kimi_ab_a100_build1/surface_b/metrics.json
contrast_ci,matched_eight_arm,B,paired_deltas_by_condition_query_family,,hybrid_kg_memory_16384,sliding_context_16384,post_update,preference_incongruity,,exact_match,,8.333333333333332,0.0,25.0,12,12,2000,73,results/persona_joint_kimi_ab_a100_build1/surface_b/metrics.json
contrast_ci,matched_eight_arm,B,paired_deltas_by_condition_query_family,,hybrid_kg_memory_16384,sliding_context_16384,post_update,preference_incongruity,,f1,,5.0,0.0,15.0,12,12,2000,73,results/persona_joint_kimi_ab_a100_build1/surface_b/metrics.json
contrast_ci,matched_eight_arm,B,paired_deltas_by_condition_query_family,,graphiti_memory_4096,sliding_context_4096,post_update,preference_incongruity,,exact_match,,0.0,-25.0,25.0,12,12,2000,73,results/persona_joint_kimi_ab_a100_build1/surface_b/metrics.json
contrast_ci,matched_eight_arm,B,paired_deltas_by_condition_query_family,,graphiti_memory_4096,sliding_context_4096,post_update,preference_incongruity,,f1,,0.0,-12.5,12.5,12,12,2000,73,results/persona_joint_kimi_ab_a100_build1/surface_b/metrics.json
contrast_ci,matched_eight_arm,B,paired_deltas_by_condition_query_family,,graphiti_memory_16384,sliding_context_16384,post_update,preference_incongruity,,exact_match,,-8.333333333333332,-25.0,0.0,12,12,2000,73,results/persona_joint_kimi_ab_a100_build1/surface_b/metrics.json
contrast_ci,matched_eight_arm,B,paired_deltas_by_condition_query_family,,graphiti_memory_16384,sliding_context_16384,post_update,preference_incongruity,,f1,,-4.166666666666666,-12.5,0.0,12,12,2000,73,results/persona_joint_kimi_ab_a100_build1/surface_b/metrics.json
contrast_ci,matched_eight_arm,B,paired_deltas_by_condition_query_family,,hybrid_kg_memory_4096,graphiti_memory_4096,post_update,preference_incongruity,,exact_match,,25.0,0.0,50.0,12,12,2000,73,results/persona_joint_kimi_ab_a100_build1/surface_b/metrics.json
contrast_ci,matched_eight_arm,B,paired_deltas_by_condition_query_family,,hybrid_kg_memory_4096,graphiti_memory_4096,post_update,preference_incongruity,,f1,,16.666666666666664,0.0,33.33333333333333,12,12,2000,73,results/persona_joint_kimi_ab_a100_build1/surface_b/metrics.json
contrast_ci,matched_eight_arm,B,paired_deltas_by_condition_query_family,,hybrid_kg_memory_16384,graphiti_memory_16384,post_update,preference_incongruity,,exact_match,,16.666666666666664,0.0,41.66666666666667,12,12,2000,73,results/persona_joint_kimi_ab_a100_build1/surface_b/metrics.json
contrast_ci,matched_eight_arm,B,paired_deltas_by_condition_query_family,,hybrid_kg_memory_16384,graphiti_memory_16384,post_update,preference_incongruity,,f1,,9.166666666666666,0.0,22.5,12,12,2000,73,results/persona_joint_kimi_ab_a100_build1/surface_b/metrics.json
contrast_ci,matched_eight_arm,B,paired_deltas_by_condition_query_family,,hybrid_kg_memory_4096,structured_memory_4096,post_update,preference_incongruity,,exact_match,,25.0,0.0,50.0,12,12,2000,73,results/persona_joint_kimi_ab_a100_build1/surface_b/metrics.json
contrast_ci,matched_eight_arm,B,paired_deltas_by_condition_query_family,,hybrid_kg_memory_4096,structured_memory_4096,post_update,preference_incongruity,,f1,,16.666666666666664,0.0,37.5,12,12,2000,73,results/persona_joint_kimi_ab_a100_build1/surface_b/metrics.json
contrast_ci,matched_eight_arm,B,paired_deltas_by_condition_query_family,,hybrid_kg_memory_16384,structured_memory_16384,post_update,preference_incongruity,,exact_match,,8.333333333333332,0.0,25.0,12,12,2000,73,results/persona_joint_kimi_ab_a100_build1/surface_b/metrics.json
contrast_ci,matched_eight_arm,B,paired_deltas_by_condition_query_family,,hybrid_kg_memory_16384,structured_memory_16384,post_update,preference_incongruity,,f1,,5.0,0.0,15.0,12,12,2000,73,results/persona_joint_kimi_ab_a100_build1/surface_b/metrics.json
contrast_ci,matched_eight_arm,B,paired_deltas_by_condition_query_family,,hybrid_kg_memory_4096,sliding_context_4096,pre_update,preference_change,,exact_match,,-33.33333333333333,-66.66666666666666,0.0,12,12,2000,73,results/persona_joint_kimi_ab_a100_build1/surface_b/metrics.json
contrast_ci,matched_eight_arm,B,paired_deltas_by_condition_query_family,,hybrid_kg_memory_4096,sliding_context_4096,pre_update,preference_change,,f1,,-33.33333333333333,-66.66666666666666,0.0,12,12,2000,73,results/persona_joint_kimi_ab_a100_build1/surface_b/metrics.json
contrast_ci,matched_eight_arm,B,paired_deltas_by_condition_query_family,,hybrid_kg_memory_16384,sliding_context_16384,pre_update,preference_change,,exact_match,,-58.333333333333336,-83.33333333333334,-33.33333333333333,12,12,2000,73,results/persona_joint_kimi_ab_a100_build1/surface_b/metrics.json
contrast_ci,matched_eight_arm,B,paired_deltas_by_condition_query_family,,hybrid_kg_memory_16384,sliding_context_16384,pre_update,preference_change,,f1,,-58.333333333333336,-83.33333333333334,-33.33333333333333,12,12,2000,73,results/persona_joint_kimi_ab_a100_build1/surface_b/metrics.json
contrast_ci,matched_eight_arm,B,paired_deltas_by_condition_query_family,,graphiti_memory_4096,sliding_context_4096,pre_update,preference_change,,exact_match,,0.0,-25.0,25.0,12,12,2000,73,results/persona_joint_kimi_ab_a100_build1/surface_b/metrics.json
contrast_ci,matched_eight_arm,B,paired_deltas_by_condition_query_family,,graphiti_memory_4096,sliding_context_4096,pre_update,preference_change,,f1,,0.0,-25.0,25.0,12,12,2000,73,results/persona_joint_kimi_ab_a100_build1/surface_b/metrics.json
contrast_ci,matched_eight_arm,B,paired_deltas_by_condition_query_family,,graphiti_memory_16384,sliding_context_16384,pre_update,preference_change,,exact_match,,-8.333333333333332,-41.66666666666667,16.666666666666664,12,12,2000,73,results/persona_joint_kimi_ab_a100_build1/surface_b/metrics.json
contrast_ci,matched_eight_arm,B,paired_deltas_by_condition_query_family,,graphiti_memory_16384,sliding_context_16384,pre_update,preference_change,,f1,,-8.333333333333332,-41.66666666666667,16.666666666666664,12,12,2000,73,results/persona_joint_kimi_ab_a100_build1/surface_b/metrics.json
contrast_ci,matched_eight_arm,B,paired_deltas_by_condition_query_family,,hybrid_kg_memory_4096,graphiti_memory_4096,pre_update,preference_change,,exact_match,,-33.33333333333333,-58.333333333333336,-8.333333333333332,12,12,2000,73,results/persona_joint_kimi_ab_a100_build1/surface_b/metrics.json
contrast_ci,matched_eight_arm,B,paired_deltas_by_condition_query_family,,hybrid_kg_memory_4096,graphiti_memory_4096,pre_update,preference_change,,f1,,-33.33333333333333,-58.333333333333336,-8.333333333333332,12,12,2000,73,results/persona_joint_kimi_ab_a100_build1/surface_b/metrics.json
contrast_ci,matched_eight_arm,B,paired_deltas_by_condition_query_family,,hybrid_kg_memory_16384,graphiti_memory_16384,pre_update,preference_change,,exact_match,,-50.0,-75.0,-25.0,12,12,2000,73,results/persona_joint_kimi_ab_a100_build1/surface_b/metrics.json
contrast_ci,matched_eight_arm,B,paired_deltas_by_condition_query_family,,hybrid_kg_memory_16384,graphiti_memory_16384,pre_update,preference_change,,f1,,-50.0,-75.0,-25.0,12,12,2000,73,results/persona_joint_kimi_ab_a100_build1/surface_b/metrics.json
contrast_ci,matched_eight_arm,B,paired_deltas_by_condition_query_family,,hybrid_kg_memory_4096,structured_memory_4096,pre_update,preference_change,,exact_match,,-33.33333333333333,-66.66666666666666,0.0,12,12,2000,73,results/persona_joint_kimi_ab_a100_build1/surface_b/metrics.json
contrast_ci,matched_eight_arm,B,paired_deltas_by_condition_query_family,,hybrid_kg_memory_4096,structured_memory_4096,pre_update,preference_change,,f1,,-33.33333333333333,-66.66666666666666,0.0,12,12,2000,73,results/persona_joint_kimi_ab_a100_build1/surface_b/metrics.json
contrast_ci,matched_eight_arm,B,paired_deltas_by_condition_query_family,,hybrid_kg_memory_16384,structured_memory_16384,pre_update,preference_change,,exact_match,,-58.333333333333336,-83.33333333333334,-33.33333333333333,12,12,2000,73,results/persona_joint_kimi_ab_a100_build1/surface_b/metrics.json
contrast_ci,matched_eight_arm,B,paired_deltas_by_condition_query_family,,hybrid_kg_memory_16384,structured_memory_16384,pre_update,preference_change,,f1,,-58.333333333333336,-83.33333333333334,-33.33333333333333,12,12,2000,73,results/persona_joint_kimi_ab_a100_build1/surface_b/metrics.json
contrast_ci,matched_eight_arm,B,paired_deltas_by_condition_query_family,,hybrid_kg_memory_4096,sliding_context_4096,pre_update,preference_incongruity,,exact_match,,8.333333333333332,0.0,25.0,12,12,2000,73,results/persona_joint_kimi_ab_a100_build1/surface_b/metrics.json
contrast_ci,matched_eight_arm,B,paired_deltas_by_condition_query_family,,hybrid_kg_memory_4096,sliding_context_4096,pre_update,preference_incongruity,,f1,,8.333333333333332,0.0,25.0,12,12,2000,73,results/persona_joint_kimi_ab_a100_build1/surface_b/metrics.json
contrast_ci,matched_eight_arm,B,paired_deltas_by_condition_query_family,,hybrid_kg_memory_16384,sliding_context_16384,pre_update,preference_incongruity,,exact_match,,-8.333333333333332,-25.0,0.0,12,12,2000,73,results/persona_joint_kimi_ab_a100_build1/surface_b/metrics.json
contrast_ci,matched_eight_arm,B,paired_deltas_by_condition_query_family,,hybrid_kg_memory_16384,sliding_context_16384,pre_update,preference_incongruity,,f1,,-8.333333333333332,-25.0,0.0,12,12,2000,73,results/persona_joint_kimi_ab_a100_build1/surface_b/metrics.json
contrast_ci,matched_eight_arm,B,paired_deltas_by_condition_query_family,,graphiti_memory_4096,sliding_context_4096,pre_update,preference_incongruity,,exact_match,,0.0,0.0,0.0,12,12,2000,73,results/persona_joint_kimi_ab_a100_build1/surface_b/metrics.json
contrast_ci,matched_eight_arm,B,paired_deltas_by_condition_query_family,,graphiti_memory_4096,sliding_context_4096,pre_update,preference_incongruity,,f1,,3.3333333333333335,0.0,10.0,12,12,2000,73,results/persona_joint_kimi_ab_a100_build1/surface_b/metrics.json
contrast_ci,matched_eight_arm,B,paired_deltas_by_condition_query_family,,graphiti_memory_16384,sliding_context_16384,pre_update,preference_incongruity,,exact_match,,0.0,0.0,0.0,12,12,2000,73,results/persona_joint_kimi_ab_a100_build1/surface_b/metrics.json
contrast_ci,matched_eight_arm,B,paired_deltas_by_condition_query_family,,graphiti_memory_16384,sliding_context_16384,pre_update,preference_incongruity,,f1,,0.0,0.0,0.0,12,12,2000,73,results/persona_joint_kimi_ab_a100_build1/surface_b/metrics.json
contrast_ci,matched_eight_arm,B,paired_deltas_by_condition_query_family,,hybrid_kg_memory_4096,graphiti_memory_4096,pre_update,preference_incongruity,,exact_match,,8.333333333333332,0.0,25.0,12,12,2000,73,results/persona_joint_kimi_ab_a100_build1/surface_b/metrics.json
contrast_ci,matched_eight_arm,B,paired_deltas_by_condition_query_family,,hybrid_kg_memory_4096,graphiti_memory_4096,pre_update,preference_incongruity,,f1,,5.0,0.0,15.0,12,12,2000,73,results/persona_joint_kimi_ab_a100_build1/surface_b/metrics.json
contrast_ci,matched_eight_arm,B,paired_deltas_by_condition_query_family,,hybrid_kg_memory_16384,graphiti_memory_16384,pre_update,preference_incongruity,,exact_match,,-8.333333333333332,-25.0,0.0,12,12,2000,73,results/persona_joint_kimi_ab_a100_build1/surface_b/metrics.json
contrast_ci,matched_eight_arm,B,paired_deltas_by_condition_query_family,,hybrid_kg_memory_16384,graphiti_memory_16384,pre_update,preference_incongruity,,f1,,-8.333333333333332,-25.0,0.0,12,12,2000,73,results/persona_joint_kimi_ab_a100_build1/surface_b/metrics.json
contrast_ci,matched_eight_arm,B,paired_deltas_by_condition_query_family,,hybrid_kg_memory_4096,structured_memory_4096,pre_update,preference_incongruity,,exact_match,,8.333333333333332,0.0,25.0,12,12,2000,73,results/persona_joint_kimi_ab_a100_build1/surface_b/metrics.json
contrast_ci,matched_eight_arm,B,paired_deltas_by_condition_query_family,,hybrid_kg_memory_4096,structured_memory_4096,pre_update,preference_incongruity,,f1,,8.333333333333332,0.0,25.0,12,12,2000,73,results/persona_joint_kimi_ab_a100_build1/surface_b/metrics.json
contrast_ci,matched_eight_arm,B,paired_deltas_by_condition_query_family,,hybrid_kg_memory_16384,structured_memory_16384,pre_update,preference_incongruity,,exact_match,,-8.333333333333332,-25.0,0.0,12,12,2000,73,results/persona_joint_kimi_ab_a100_build1/surface_b/metrics.json
contrast_ci,matched_eight_arm,B,paired_deltas_by_condition_query_family,,hybrid_kg_memory_16384,structured_memory_16384,pre_update,preference_incongruity,,f1,,-8.333333333333332,-25.0,0.0,12,12,2000,73,results/persona_joint_kimi_ab_a100_build1/surface_b/metrics.json
contrast_ci,matched_eight_arm,B,paired_deltas_by_condition_query_family,,hybrid_kg_memory_4096,sliding_context_4096,token_distance_4096,preference_change,,exact_match,,25.0,0.0,50.0,12,12,2000,73,results/persona_joint_kimi_ab_a100_build1/surface_b/metrics.json
contrast_ci,matched_eight_arm,B,paired_deltas_by_condition_query_family,,hybrid_kg_memory_4096,sliding_context_4096,token_distance_4096,preference_change,,f1,,33.33333333333333,13.333333333333334,54.166666666666664,12,12,2000,73,results/persona_joint_kimi_ab_a100_build1/surface_b/metrics.json
contrast_ci,matched_eight_arm,B,paired_deltas_by_condition_query_family,,hybrid_kg_memory_16384,sliding_context_16384,token_distance_4096,preference_change,,exact_match,,25.0,0.0,50.0,12,12,2000,73,results/persona_joint_kimi_ab_a100_build1/surface_b/metrics.json
contrast_ci,matched_eight_arm,B,paired_deltas_by_condition_query_family,,hybrid_kg_memory_16384,sliding_context_16384,token_distance_4096,preference_change,,f1,,22.22222222222222,-2.7777777777777777,50.0,12,12,2000,73,results/persona_joint_kimi_ab_a100_build1/surface_b/metrics.json
contrast_ci,matched_eight_arm,B,paired_deltas_by_condition_query_family,,graphiti_memory_4096,sliding_context_4096,token_distance_4096,preference_change,,exact_match,,8.333333333333332,0.0,25.0,12,12,2000,73,results/persona_joint_kimi_ab_a100_build1/surface_b/metrics.json
contrast_ci,matched_eight_arm,B,paired_deltas_by_condition_query_family,,graphiti_memory_4096,sliding_context_4096,token_distance_4096,preference_change,,f1,,5.0,0.0,15.0,12,12,2000,73,results/persona_joint_kimi_ab_a100_build1/surface_b/metrics.json
contrast_ci,matched_eight_arm,B,paired_deltas_by_condition_query_family,,graphiti_memory_16384,sliding_context_16384,token_distance_4096,preference_change,,exact_match,,0.0,0.0,0.0,12,12,2000,73,results/persona_joint_kimi_ab_a100_build1/surface_b/metrics.json
contrast_ci,matched_eight_arm,B,paired_deltas_by_condition_query_family,,graphiti_memory_16384,sliding_context_16384,token_distance_4096,preference_change,,f1,,0.0,0.0,0.0,12,12,2000,73,results/persona_joint_kimi_ab_a100_build1/surface_b/metrics.json
contrast_ci,matched_eight_arm,B,paired_deltas_by_condition_query_family,,hybrid_kg_memory_4096,graphiti_memory_4096,token_distance_4096,preference_change,,exact_match,,16.666666666666664,0.0,41.66666666666667,12,12,2000,73,results/persona_joint_kimi_ab_a100_build1/surface_b/metrics.json
contrast_ci,matched_eight_arm,B,paired_deltas_by_condition_query_family,,hybrid_kg_memory_4096,graphiti_memory_4096,token_distance_4096,preference_change,,f1,,28.333333333333332,8.333333333333332,50.0,12,12,2000,73,results/persona_joint_kimi_ab_a100_build1/surface_b/metrics.json
contrast_ci,matched_eight_arm,B,paired_deltas_by_condition_query_family,,hybrid_kg_memory_16384,graphiti_memory_16384,token_distance_4096,preference_change,,exact_match,,25.0,8.333333333333332,50.0,12,12,2000,73,results/persona_joint_kimi_ab_a100_build1/surface_b/metrics.json
contrast_ci,matched_eight_arm,B,paired_deltas_by_condition_query_family,,hybrid_kg_memory_16384,graphiti_memory_16384,token_distance_4096,preference_change,,f1,,22.22222222222222,0.0,50.0,12,12,2000,73,results/persona_joint_kimi_ab_a100_build1/surface_b/metrics.json
contrast_ci,matched_eight_arm,B,paired_deltas_by_condition_query_family,,hybrid_kg_memory_4096,structured_memory_4096,token_distance_4096,preference_change,,exact_match,,25.0,0.0,50.0,12,12,2000,73,results/persona_joint_kimi_ab_a100_build1/surface_b/metrics.json
contrast_ci,matched_eight_arm,B,paired_deltas_by_condition_query_family,,hybrid_kg_memory_4096,structured_memory_4096,token_distance_4096,preference_change,,f1,,33.33333333333333,12.5,55.00000000000001,12,12,2000,73,results/persona_joint_kimi_ab_a100_build1/surface_b/metrics.json
contrast_ci,matched_eight_arm,B,paired_deltas_by_condition_query_family,,hybrid_kg_memory_16384,structured_memory_16384,token_distance_4096,preference_change,,exact_match,,25.0,0.0,50.0,12,12,2000,73,results/persona_joint_kimi_ab_a100_build1/surface_b/metrics.json
contrast_ci,matched_eight_arm,B,paired_deltas_by_condition_query_family,,hybrid_kg_memory_16384,structured_memory_16384,token_distance_4096,preference_change,,f1,,22.22222222222222,-2.7777777777777772,50.0,12,12,2000,73,results/persona_joint_kimi_ab_a100_build1/surface_b/metrics.json
contrast_ci,matched_eight_arm,B,paired_deltas_by_condition_query_family,,hybrid_kg_memory_4096,sliding_context_4096,token_distance_4096,preference_incongruity,,exact_match,,91.66666666666666,75.0,100.0,12,12,2000,73,results/persona_joint_kimi_ab_a100_build1/surface_b/metrics.json
contrast_ci,matched_eight_arm,B,paired_deltas_by_condition_query_family,,hybrid_kg_memory_4096,sliding_context_4096,token_distance_4096,preference_incongruity,,f1,,83.33333333333334,62.5,100.0,12,12,2000,73,results/persona_joint_kimi_ab_a100_build1/surface_b/metrics.json
contrast_ci,matched_eight_arm,B,paired_deltas_by_condition_query_family,,hybrid_kg_memory_16384,sliding_context_16384,token_distance_4096,preference_incongruity,,exact_match,,25.0,0.0,50.0,12,12,2000,73,results/persona_joint_kimi_ab_a100_build1/surface_b/metrics.json
contrast_ci,matched_eight_arm,B,paired_deltas_by_condition_query_family,,hybrid_kg_memory_16384,sliding_context_16384,token_distance_4096,preference_incongruity,,f1,,13.333333333333334,0.0,27.500000000000004,12,12,2000,73,results/persona_joint_kimi_ab_a100_build1/surface_b/metrics.json
contrast_ci,matched_eight_arm,B,paired_deltas_by_condition_query_family,,graphiti_memory_4096,sliding_context_4096,token_distance_4096,preference_incongruity,,exact_match,,16.666666666666664,0.0,41.66666666666667,12,12,2000,73,results/persona_joint_kimi_ab_a100_build1/surface_b/metrics.json
contrast_ci,matched_eight_arm,B,paired_deltas_by_condition_query_family,,graphiti_memory_4096,sliding_context_4096,token_distance_4096,preference_incongruity,,f1,,29.166666666666668,12.5,50.0,12,12,2000,73,results/persona_joint_kimi_ab_a100_build1/surface_b/metrics.json
contrast_ci,matched_eight_arm,B,paired_deltas_by_condition_query_family,,graphiti_memory_16384,sliding_context_16384,token_distance_4096,preference_incongruity,,exact_match,,25.0,0.0,50.0,12,12,2000,73,results/persona_joint_kimi_ab_a100_build1/surface_b/metrics.json
contrast_ci,matched_eight_arm,B,paired_deltas_by_condition_query_family,,graphiti_memory_16384,sliding_context_16384,token_distance_4096,preference_incongruity,,f1,,13.333333333333334,0.0,27.500000000000004,12,12,2000,73,results/persona_joint_kimi_ab_a100_build1/surface_b/metrics.json
contrast_ci,matched_eight_arm,B,paired_deltas_by_condition_query_family,,hybrid_kg_memory_4096,graphiti_memory_4096,token_distance_4096,preference_incongruity,,exact_match,,75.0,50.0,100.0,12,12,2000,73,results/persona_joint_kimi_ab_a100_build1/surface_b/metrics.json
contrast_ci,matched_eight_arm,B,paired_deltas_by_condition_query_family,,hybrid_kg_memory_4096,graphiti_memory_4096,token_distance_4096,preference_incongruity,,f1,,54.166666666666664,29.166666666666668,79.16666666666666,12,12,2000,73,results/persona_joint_kimi_ab_a100_build1/surface_b/metrics.json
contrast_ci,matched_eight_arm,B,paired_deltas_by_condition_query_family,,hybrid_kg_memory_16384,graphiti_memory_16384,token_distance_4096,preference_incongruity,,exact_match,,0.0,0.0,0.0,12,12,2000,73,results/persona_joint_kimi_ab_a100_build1/surface_b/metrics.json
contrast_ci,matched_eight_arm,B,paired_deltas_by_condition_query_family,,hybrid_kg_memory_16384,graphiti_memory_16384,token_distance_4096,preference_incongruity,,f1,,0.0,0.0,0.0,12,12,2000,73,results/persona_joint_kimi_ab_a100_build1/surface_b/metrics.json
contrast_ci,matched_eight_arm,B,paired_deltas_by_condition_query_family,,hybrid_kg_memory_4096,structured_memory_4096,token_distance_4096,preference_incongruity,,exact_match,,25.0,-8.333333333333332,58.333333333333336,12,12,2000,73,results/persona_joint_kimi_ab_a100_build1/surface_b/metrics.json
contrast_ci,matched_eight_arm,B,paired_deltas_by_condition_query_family,,hybrid_kg_memory_4096,structured_memory_4096,token_distance_4096,preference_incongruity,,f1,,25.0,-8.333333333333332,58.333333333333336,12,12,2000,73,results/persona_joint_kimi_ab_a100_build1/surface_b/metrics.json
contrast_ci,matched_eight_arm,B,paired_deltas_by_condition_query_family,,hybrid_kg_memory_16384,structured_memory_16384,token_distance_4096,preference_incongruity,,exact_match,,8.333333333333332,0.0,25.0,12,12,2000,73,results/persona_joint_kimi_ab_a100_build1/surface_b/metrics.json
contrast_ci,matched_eight_arm,B,paired_deltas_by_condition_query_family,,hybrid_kg_memory_16384,structured_memory_16384,token_distance_4096,preference_incongruity,,f1,,4.166666666666666,0.0,12.5,12,12,2000,73,results/persona_joint_kimi_ab_a100_build1/surface_b/metrics.json
contrast_ci,matched_eight_arm,B,paired_deltas_by_condition_query_family,,hybrid_kg_memory_4096,sliding_context_4096,token_distance_8192,preference_change,,exact_match,,16.666666666666664,0.0,41.66666666666667,12,12,2000,73,results/persona_joint_kimi_ab_a100_build1/surface_b/metrics.json
contrast_ci,matched_eight_arm,B,paired_deltas_by_condition_query_family,,hybrid_kg_memory_4096,sliding_context_4096,token_distance_8192,preference_change,,f1,,20.0,0.0,43.333333333333336,12,12,2000,73,results/persona_joint_kimi_ab_a100_build1/surface_b/metrics.json
contrast_ci,matched_eight_arm,B,paired_deltas_by_condition_query_family,,hybrid_kg_memory_16384,sliding_context_16384,token_distance_8192,preference_change,,exact_match,,0.0,-33.33333333333333,33.33333333333333,12,12,2000,73,results/persona_joint_kimi_ab_a100_build1/surface_b/metrics.json
contrast_ci,matched_eight_arm,B,paired_deltas_by_condition_query_family,,hybrid_kg_memory_16384,sliding_context_16384,token_distance_8192,preference_change,,f1,,4.166666666666666,-29.166666666666668,37.5,12,12,2000,73,results/persona_joint_kimi_ab_a100_build1/surface_b/metrics.json
contrast_ci,matched_eight_arm,B,paired_deltas_by_condition_query_family,,graphiti_memory_4096,sliding_context_4096,token_distance_8192,preference_change,,exact_match,,0.0,0.0,0.0,12,12,2000,73,results/persona_joint_kimi_ab_a100_build1/surface_b/metrics.json
contrast_ci,matched_eight_arm,B,paired_deltas_by_condition_query_family,,graphiti_memory_4096,sliding_context_4096,token_distance_8192,preference_change,,f1,,-4.166666666666666,-12.5,0.0,12,12,2000,73,results/persona_joint_kimi_ab_a100_build1/surface_b/metrics.json
contrast_ci,matched_eight_arm,B,paired_deltas_by_condition_query_family,,graphiti_memory_16384,sliding_context_16384,token_distance_8192,preference_change,,exact_match,,-8.333333333333332,-25.0,0.0,12,12,2000,73,results/persona_joint_kimi_ab_a100_build1/surface_b/metrics.json
contrast_ci,matched_eight_arm,B,paired_deltas_by_condition_query_family,,graphiti_memory_16384,sliding_context_16384,token_distance_8192,preference_change,,f1,,-2.2222222222222223,-25.0,12.777777777777777,12,12,2000,73,results/persona_joint_kimi_ab_a100_build1/surface_b/metrics.json
contrast_ci,matched_eight_arm,B,paired_deltas_by_condition_query_family,,hybrid_kg_memory_4096,graphiti_memory_4096,token_distance_8192,preference_change,,exact_match,,16.666666666666664,0.0,41.66666666666667,12,12,2000,73,results/persona_joint_kimi_ab_a100_build1/surface_b/metrics.json
contrast_ci,matched_eight_arm,B,paired_deltas_by_condition_query_family,,hybrid_kg_memory_4096,graphiti_memory_4096,token_distance_8192,preference_change,,f1,,24.166666666666668,4.166666666666666,45.83333333333333,12,12,2000,73,results/persona_joint_kimi_ab_a100_build1/surface_b/metrics.json
contrast_ci,matched_eight_arm,B,paired_deltas_by_condition_query_family,,hybrid_kg_memory_16384,graphiti_memory_16384,token_distance_8192,preference_change,,exact_match,,8.333333333333332,-16.666666666666664,41.66666666666667,12,12,2000,73,results/persona_joint_kimi_ab_a100_build1/surface_b/metrics.json
contrast_ci,matched_eight_arm,B,paired_deltas_by_condition_query_family,,hybrid_kg_memory_16384,graphiti_memory_16384,token_distance_8192,preference_change,,f1,,6.388888888888888,-22.22222222222222,37.77777777777778,12,12,2000,73,results/persona_joint_kimi_ab_a100_build1/surface_b/metrics.json
contrast_ci,matched_eight_arm,B,paired_deltas_by_condition_query_family,,hybrid_kg_memory_4096,structured_memory_4096,token_distance_8192,preference_change,,exact_match,,16.666666666666664,0.0,41.66666666666667,12,12,2000,73,results/persona_joint_kimi_ab_a100_build1/surface_b/metrics.json
contrast_ci,matched_eight_arm,B,paired_deltas_by_condition_query_family,,hybrid_kg_memory_4096,structured_memory_4096,token_distance_8192,preference_change,,f1,,20.0,0.0,41.66666666666667,12,12,2000,73,results/persona_joint_kimi_ab_a100_build1/surface_b/metrics.json
contrast_ci,matched_eight_arm,B,paired_deltas_by_condition_query_family,,hybrid_kg_memory_16384,structured_memory_16384,token_distance_8192,preference_change,,exact_match,,0.0,-33.33333333333333,33.33333333333333,12,12,2000,73,results/persona_joint_kimi_ab_a100_build1/surface_b/metrics.json
contrast_ci,matched_eight_arm,B,paired_deltas_by_condition_query_family,,hybrid_kg_memory_16384,structured_memory_16384,token_distance_8192,preference_change,,f1,,4.166666666666666,-25.0,37.5,12,12,2000,73,results/persona_joint_kimi_ab_a100_build1/surface_b/metrics.json
contrast_ci,matched_eight_arm,B,paired_deltas_by_condition_query_family,,hybrid_kg_memory_4096,sliding_context_4096,token_distance_8192,preference_incongruity,,exact_match,,91.66666666666666,75.0,100.0,12,12,2000,73,results/persona_joint_kimi_ab_a100_build1/surface_b/metrics.json
contrast_ci,matched_eight_arm,B,paired_deltas_by_condition_query_family,,hybrid_kg_memory_4096,sliding_context_4096,token_distance_8192,preference_incongruity,,f1,,91.66666666666666,79.16666666666666,100.0,12,12,2000,73,results/persona_joint_kimi_ab_a100_build1/surface_b/metrics.json
contrast_ci,matched_eight_arm,B,paired_deltas_by_condition_query_family,,hybrid_kg_memory_16384,sliding_context_16384,token_distance_8192,preference_incongruity,,exact_match,,16.666666666666664,0.0,41.66666666666667,12,12,2000,73,results/persona_joint_kimi_ab_a100_build1/surface_b/metrics.json
contrast_ci,matched_eight_arm,B,paired_deltas_by_condition_query_family,,hybrid_kg_memory_16384,sliding_context_16384,token_distance_8192,preference_incongruity,,f1,,9.166666666666666,0.0,22.5,12,12,2000,73,results/persona_joint_kimi_ab_a100_build1/surface_b/metrics.json
contrast_ci,matched_eight_arm,B,paired_deltas_by_condition_query_family,,graphiti_memory_4096,sliding_context_4096,token_distance_8192,preference_incongruity,,exact_match,,50.0,25.0,75.0,12,12,2000,73,results/persona_joint_kimi_ab_a100_build1/surface_b/metrics.json
contrast_ci,matched_eight_arm,B,paired_deltas_by_condition_query_family,,graphiti_memory_4096,sliding_context_4096,token_distance_8192,preference_incongruity,,f1,,66.42857142857143,43.333333333333336,86.66666666666667,12,12,2000,73,results/persona_joint_kimi_ab_a100_build1/surface_b/metrics.json
contrast_ci,matched_eight_arm,B,paired_deltas_by_condition_query_family,,graphiti_memory_16384,sliding_context_16384,token_distance_8192,preference_incongruity,,exact_match,,16.666666666666664,0.0,41.66666666666667,12,12,2000,73,results/persona_joint_kimi_ab_a100_build1/surface_b/metrics.json
contrast_ci,matched_eight_arm,B,paired_deltas_by_condition_query_family,,graphiti_memory_16384,sliding_context_16384,token_distance_8192,preference_incongruity,,f1,,9.166666666666666,0.0,22.5,12,12,2000,73,results/persona_joint_kimi_ab_a100_build1/surface_b/metrics.json
contrast_ci,matched_eight_arm,B,paired_deltas_by_condition_query_family,,hybrid_kg_memory_4096,graphiti_memory_4096,token_distance_8192,preference_incongruity,,exact_match,,41.66666666666667,8.333333333333332,75.0,12,12,2000,73,results/persona_joint_kimi_ab_a100_build1/surface_b/metrics.json
contrast_ci,matched_eight_arm,B,paired_deltas_by_condition_query_family,,hybrid_kg_memory_4096,graphiti_memory_4096,token_distance_8192,preference_incongruity,,f1,,25.238095238095237,3.809523809523808,46.3095238095238,12,12,2000,73,results/persona_joint_kimi_ab_a100_build1/surface_b/metrics.json
contrast_ci,matched_eight_arm,B,paired_deltas_by_condition_query_family,,hybrid_kg_memory_16384,graphiti_memory_16384,token_distance_8192,preference_incongruity,,exact_match,,0.0,0.0,0.0,12,12,2000,73,results/persona_joint_kimi_ab_a100_build1/surface_b/metrics.json
contrast_ci,matched_eight_arm,B,paired_deltas_by_condition_query_family,,hybrid_kg_memory_16384,graphiti_memory_16384,token_distance_8192,preference_incongruity,,f1,,0.0,0.0,0.0,12,12,2000,73,results/persona_joint_kimi_ab_a100_build1/surface_b/metrics.json
contrast_ci,matched_eight_arm,B,paired_deltas_by_condition_query_family,,hybrid_kg_memory_4096,structured_memory_4096,token_distance_8192,preference_incongruity,,exact_match,,0.0,-25.0,25.0,12,12,2000,73,results/persona_joint_kimi_ab_a100_build1/surface_b/metrics.json
contrast_ci,matched_eight_arm,B,paired_deltas_by_condition_query_family,,hybrid_kg_memory_4096,structured_memory_4096,token_distance_8192,preference_incongruity,,f1,,4.166666666666666,-12.5,25.0,12,12,2000,73,results/persona_joint_kimi_ab_a100_build1/surface_b/metrics.json
contrast_ci,matched_eight_arm,B,paired_deltas_by_condition_query_family,,hybrid_kg_memory_16384,structured_memory_16384,token_distance_8192,preference_incongruity,,exact_match,,8.333333333333332,0.0,25.0,12,12,2000,73,results/persona_joint_kimi_ab_a100_build1/surface_b/metrics.json
contrast_ci,matched_eight_arm,B,paired_deltas_by_condition_query_family,,hybrid_kg_memory_16384,structured_memory_16384,token_distance_8192,preference_incongruity,,f1,,4.166666666666666,0.0,12.5,12,12,2000,73,results/persona_joint_kimi_ab_a100_build1/surface_b/metrics.json
contrast_ci,matched_eight_arm,pooled_A_B,paired_deltas,,hybrid_kg_memory_4096,sliding_context_4096,,,,exact_match,,37.083333333333336,30.416666666666664,44.583333333333336,240,12,2000,73,results/persona_joint_kimi_ab_a100_build1/analysis/analysis.json
contrast_ci,matched_eight_arm,pooled_A_B,paired_deltas,,hybrid_kg_memory_4096,sliding_context_4096,,,,f1,,36.388888888888886,29.666666666666668,43.375,240,12,2000,73,results/persona_joint_kimi_ab_a100_build1/analysis/analysis.json
contrast_ci,matched_eight_arm,pooled_A_B,paired_deltas,,hybrid_kg_memory_16384,sliding_context_16384,,,,exact_match,,16.25,7.083333333333333,25.0,240,12,2000,73,results/persona_joint_kimi_ab_a100_build1/analysis/analysis.json
contrast_ci,matched_eight_arm,pooled_A_B,paired_deltas,,hybrid_kg_memory_16384,sliding_context_16384,,,,f1,,12.82738095238095,5.341269841269841,19.938492063492063,240,12,2000,73,results/persona_joint_kimi_ab_a100_build1/analysis/analysis.json
contrast_ci,matched_eight_arm,pooled_A_B,paired_deltas,,graphiti_memory_4096,sliding_context_4096,,,,exact_match,,10.0,4.166666666666666,15.833333333333332,240,12,2000,73,results/persona_joint_kimi_ab_a100_build1/analysis/analysis.json
contrast_ci,matched_eight_arm,pooled_A_B,paired_deltas,,graphiti_memory_4096,sliding_context_4096,,,,f1,,14.0734126984127,8.212301587301587,19.841269841269842,240,12,2000,73,results/persona_joint_kimi_ab_a100_build1/analysis/analysis.json
contrast_ci,matched_eight_arm,pooled_A_B,paired_deltas,,graphiti_memory_16384,sliding_context_16384,,,,exact_match,,2.5,-2.5,6.666666666666667,240,12,2000,73,results/persona_joint_kimi_ab_a100_build1/analysis/analysis.json
contrast_ci,matched_eight_arm,pooled_A_B,paired_deltas,,graphiti_memory_16384,sliding_context_16384,,,,f1,,2.361111111111111,-1.9583333333333335,5.333333333333334,240,12,2000,73,results/persona_joint_kimi_ab_a100_build1/analysis/analysis.json
contrast_ci,matched_eight_arm,pooled_A_B,paired_deltas,,hybrid_kg_memory_4096,graphiti_memory_4096,,,,exact_match,,27.083333333333332,19.166666666666668,35.41666666666667,240,12,2000,73,results/persona_joint_kimi_ab_a100_build1/analysis/analysis.json
contrast_ci,matched_eight_arm,pooled_A_B,paired_deltas,,hybrid_kg_memory_4096,graphiti_memory_4096,,,,f1,,22.31547619047619,14.819444444444443,30.22222222222222,240,12,2000,73,results/persona_joint_kimi_ab_a100_build1/analysis/analysis.json
contrast_ci,matched_eight_arm,pooled_A_B,paired_deltas,,hybrid_kg_memory_16384,graphiti_memory_16384,,,,exact_match,,13.750000000000002,5.416666666666667,21.25,240,12,2000,73,results/persona_joint_kimi_ab_a100_build1/analysis/analysis.json
contrast_ci,matched_eight_arm,pooled_A_B,paired_deltas,,hybrid_kg_memory_16384,graphiti_memory_16384,,,,f1,,10.466269841269842,3.4305555555555554,16.938492063492063,240,12,2000,73,results/persona_joint_kimi_ab_a100_build1/analysis/analysis.json
contrast_ci,matched_eight_arm,pooled_A_B,paired_deltas,,hybrid_kg_memory_4096,structured_memory_4096,,,,exact_match,,6.666666666666667,-0.4166666666666667,15.0,240,12,2000,73,results/persona_joint_kimi_ab_a100_build1/analysis/analysis.json
contrast_ci,matched_eight_arm,pooled_A_B,paired_deltas,,hybrid_kg_memory_4096,structured_memory_4096,,,,f1,,7.263888888888889,0.37500000000000006,15.722222222222223,240,12,2000,73,results/persona_joint_kimi_ab_a100_build1/analysis/analysis.json
contrast_ci,matched_eight_arm,pooled_A_B,paired_deltas,,hybrid_kg_memory_16384,structured_memory_16384,,,,exact_match,,7.083333333333333,1.25,13.333333333333334,240,12,2000,73,results/persona_joint_kimi_ab_a100_build1/analysis/analysis.json
contrast_ci,matched_eight_arm,pooled_A_B,paired_deltas,,hybrid_kg_memory_16384,structured_memory_16384,,,,f1,,5.646825396825396,0.2500000000000001,11.357142857142858,240,12,2000,73,results/persona_joint_kimi_ab_a100_build1/analysis/analysis.json
contrast_ci,five_arm_fixed_assignment,A,structured_minus_sliding,,structured_memory_4096,sliding_context_4096,,,overall,exact_match,,30.0,27.500000000000004,32.5,120,12,5000,73,results/persona_surface_generalization_v1/analysis.json
contrast_ci,five_arm_fixed_assignment,A,structured_minus_sliding,,structured_memory_4096,sliding_context_4096,,,overall,f1,,28.666666666666668,26.5,30.666666666666664,120,12,5000,73,results/persona_surface_generalization_v1/analysis.json
contrast_ci,five_arm_fixed_assignment,A,structured_minus_sliding,,structured_memory_4096,sliding_context_4096,,,delayed,exact_match,,70.83333333333334,58.333333333333336,83.33333333333334,24,12,5000,73,results/persona_surface_generalization_v1/analysis.json
contrast_ci,five_arm_fixed_assignment,A,structured_minus_sliding,,structured_memory_4096,sliding_context_4096,,,delayed,f1,,70.83333333333334,58.333333333333336,83.33333333333334,24,12,5000,73,results/persona_surface_generalization_v1/analysis.json
contrast_ci,five_arm_fixed_assignment,A,structured_minus_sliding,,structured_memory_4096,sliding_context_4096,,,source_present,exact_match,,81.81818181818183,74.46808510638297,90.2439024390244,44,12,5000,73,results/persona_surface_generalization_v1/analysis.json
contrast_ci,five_arm_fixed_assignment,A,structured_minus_sliding,,structured_memory_4096,sliding_context_4096,,,source_present,f1,,78.18181818181817,70.0,86.8295892169448,44,12,5000,73,results/persona_surface_generalization_v1/analysis.json
contrast_ci,five_arm_fixed_assignment,A,structured_minus_sliding,,structured_memory_4096,sliding_context_4096,,,source_absent,exact_match,,0.0,0.0,0.0,76,12,5000,73,results/persona_surface_generalization_v1/analysis.json
contrast_ci,five_arm_fixed_assignment,A,structured_minus_sliding,,structured_memory_4096,sliding_context_4096,,,source_absent,f1,,0.0,0.0,0.0,76,12,5000,73,results/persona_surface_generalization_v1/analysis.json
contrast_ci,five_arm_fixed_assignment,A,structured_minus_sliding,,structured_memory_16384,sliding_context_16384,,,overall,exact_match,,10.833333333333334,5.833333333333333,15.833333333333332,120,12,5000,73,results/persona_surface_generalization_v1/analysis.json
contrast_ci,five_arm_fixed_assignment,A,structured_minus_sliding,,structured_memory_16384,sliding_context_16384,,,overall,f1,,8.36111111111111,5.277777777777779,11.055555555555555,120,12,5000,73,results/persona_surface_generalization_v1/analysis.json
contrast_ci,five_arm_fixed_assignment,A,structured_minus_sliding,,structured_memory_16384,sliding_context_16384,,,delayed,exact_match,,29.166666666666668,16.666666666666664,41.66666666666667,24,12,5000,73,results/persona_surface_generalization_v1/analysis.json
contrast_ci,five_arm_fixed_assignment,A,structured_minus_sliding,,structured_memory_16384,sliding_context_16384,,,delayed,f1,,27.083333333333332,14.583333333333334,39.58333333333333,24,12,5000,73,results/persona_surface_generalization_v1/analysis.json
contrast_ci,five_arm_fixed_assignment,A,structured_minus_sliding,,structured_memory_16384,sliding_context_16384,,,source_present,exact_match,,29.545454545454547,16.666666666666664,43.47826086956522,44,12,5000,73,results/persona_surface_generalization_v1/analysis.json
contrast_ci,five_arm_fixed_assignment,A,structured_minus_sliding,,structured_memory_16384,sliding_context_16384,,,source_present,f1,,22.803030303030305,14.564723320158102,30.651588201928515,44,12,5000,73,results/persona_surface_generalization_v1/analysis.json
contrast_ci,five_arm_fixed_assignment,A,structured_minus_sliding,,structured_memory_16384,sliding_context_16384,,,source_absent,exact_match,,0.0,0.0,0.0,76,12,5000,73,results/persona_surface_generalization_v1/analysis.json
contrast_ci,five_arm_fixed_assignment,A,structured_minus_sliding,,structured_memory_16384,sliding_context_16384,,,source_absent,f1,,0.0,0.0,0.0,76,12,5000,73,results/persona_surface_generalization_v1/analysis.json
contrast_ci,five_arm_fixed_assignment,A,full_context_comparisons,,full_qwen_context,sliding_context_16384,,,overall,exact_match,,5.0,0.8333333333333334,9.166666666666666,120,12,5000,73,results/persona_surface_generalization_v1/analysis.json
contrast_ci,five_arm_fixed_assignment,A,full_context_comparisons,,full_qwen_context,sliding_context_16384,,,overall,f1,,4.611111111111111,1.111111111111111,7.833333333333334,120,12,5000,73,results/persona_surface_generalization_v1/analysis.json
contrast_ci,five_arm_fixed_assignment,A,full_context_comparisons,,full_qwen_context,sliding_context_16384,,,delayed,exact_match,,20.833333333333336,0.0,37.5,24,12,5000,73,results/persona_surface_generalization_v1/analysis.json
contrast_ci,five_arm_fixed_assignment,A,full_context_comparisons,,full_qwen_context,sliding_context_16384,,,delayed,f1,,22.22222222222222,5.555555555555555,37.5,24,12,5000,73,results/persona_surface_generalization_v1/analysis.json
contrast_ci,five_arm_fixed_assignment,A,full_context_comparisons,,full_qwen_context,sliding_context_16384,,,source_present,exact_match,,15.909090909090908,4.2531028368794335,27.909302325581358,44,12,5000,73,results/persona_surface_generalization_v1/analysis.json
contrast_ci,five_arm_fixed_assignment,A,full_context_comparisons,,full_qwen_context,sliding_context_16384,,,source_present,f1,,14.848484848484848,5.182367149758455,24.545853269537478,44,12,5000,73,results/persona_surface_generalization_v1/analysis.json
contrast_ci,five_arm_fixed_assignment,A,full_context_comparisons,,full_qwen_context,sliding_context_16384,,,source_absent,exact_match,,-1.3157894736842104,-3.9473684210526314,0.0,76,12,5000,73,results/persona_surface_generalization_v1/analysis.json
contrast_ci,five_arm_fixed_assignment,A,full_context_comparisons,,full_qwen_context,sliding_context_16384,,,source_absent,f1,,-1.3157894736842104,-3.9473684210526314,0.0,76,12,5000,73,results/persona_surface_generalization_v1/analysis.json
contrast_ci,five_arm_fixed_assignment,A,full_context_comparisons,,full_qwen_context,structured_memory_16384,,,overall,exact_match,,-5.833333333333333,-12.5,0.0,120,12,5000,73,results/persona_surface_generalization_v1/analysis.json
contrast_ci,five_arm_fixed_assignment,A,full_context_comparisons,,full_qwen_context,structured_memory_16384,,,overall,f1,,-3.75,-7.916666666666666,0.0,120,12,5000,73,results/persona_surface_generalization_v1/analysis.json
contrast_ci,five_arm_fixed_assignment,A,full_context_comparisons,,full_qwen_context,structured_memory_16384,,,delayed,exact_match,,-8.333333333333332,-20.833333333333336,0.0,24,12,5000,73,results/persona_surface_generalization_v1/analysis.json
contrast_ci,five_arm_fixed_assignment,A,full_context_comparisons,,full_qwen_context,structured_memory_16384,,,delayed,f1,,-4.861111111111112,-12.5,0.0,24,12,5000,73,results/persona_surface_generalization_v1/analysis.json
contrast_ci,five_arm_fixed_assignment,A,full_context_comparisons,,full_qwen_context,structured_memory_16384,,,source_present,exact_match,,-13.636363636363635,-32.608695652173914,0.0,44,12,5000,73,results/persona_surface_generalization_v1/analysis.json
contrast_ci,five_arm_fixed_assignment,A,full_context_comparisons,,full_qwen_context,structured_memory_16384,,,source_present,f1,,-7.954545454545454,-18.88888888888889,0.0,44,12,5000,73,results/persona_surface_generalization_v1/analysis.json
contrast_ci,five_arm_fixed_assignment,A,full_context_comparisons,,full_qwen_context,structured_memory_16384,,,source_absent,exact_match,,-1.3157894736842104,-3.9486842105263156,0.0,76,12,5000,73,results/persona_surface_generalization_v1/analysis.json
contrast_ci,five_arm_fixed_assignment,A,full_context_comparisons,,full_qwen_context,structured_memory_16384,,,source_absent,f1,,-1.3157894736842104,-4.0,0.0,76,12,5000,73,results/persona_surface_generalization_v1/analysis.json
contrast_ci,five_arm_fixed_assignment,B,structured_minus_sliding,,structured_memory_4096,sliding_context_4096,,,overall,exact_match,,30.833333333333336,26.666666666666668,35.0,120,12,5000,73,results/persona_surface_generalization_v1/analysis.json
contrast_ci,five_arm_fixed_assignment,B,structured_minus_sliding,,structured_memory_4096,sliding_context_4096,,,overall,f1,,29.583333333333332,25.0,33.33333333333333,120,12,5000,73,results/persona_surface_generalization_v1/analysis.json
contrast_ci,five_arm_fixed_assignment,B,structured_minus_sliding,,structured_memory_4096,sliding_context_4096,,,delayed,exact_match,,75.0,62.5,87.5,24,12,5000,73,results/persona_surface_generalization_v1/analysis.json
contrast_ci,five_arm_fixed_assignment,B,structured_minus_sliding,,structured_memory_4096,sliding_context_4096,,,delayed,f1,,75.0,62.39583333333337,87.5,24,12,5000,73,results/persona_surface_generalization_v1/analysis.json
contrast_ci,five_arm_fixed_assignment,B,structured_minus_sliding,,structured_memory_4096,sliding_context_4096,,,source_present,exact_match,,84.0909090909091,75.0,93.18181818181817,44,12,5000,73,results/persona_surface_generalization_v1/analysis.json
contrast_ci,five_arm_fixed_assignment,B,structured_minus_sliding,,structured_memory_4096,sliding_context_4096,,,source_present,f1,,80.68181818181817,70.72971898197243,90.2439024390244,44,12,5000,73,results/persona_surface_generalization_v1/analysis.json
contrast_ci,five_arm_fixed_assignment,B,structured_minus_sliding,,structured_memory_4096,sliding_context_4096,,,source_absent,exact_match,,0.0,0.0,0.0,76,12,5000,73,results/persona_surface_generalization_v1/analysis.json
contrast_ci,five_arm_fixed_assignment,B,structured_minus_sliding,,structured_memory_4096,sliding_context_4096,,,source_absent,f1,,0.0,0.0,0.0,76,12,5000,73,results/persona_surface_generalization_v1/analysis.json
contrast_ci,five_arm_fixed_assignment,B,structured_minus_sliding,,structured_memory_16384,sliding_context_16384,,,overall,exact_match,,7.5,0.8333333333333334,14.166666666666666,120,12,5000,73,results/persona_surface_generalization_v1/analysis.json
contrast_ci,five_arm_fixed_assignment,B,structured_minus_sliding,,structured_memory_16384,sliding_context_16384,,,overall,f1,,6.000000000000001,2.0,9.583333333333334,120,12,5000,73,results/persona_surface_generalization_v1/analysis.json
contrast_ci,five_arm_fixed_assignment,B,structured_minus_sliding,,structured_memory_16384,sliding_context_16384,,,delayed,exact_match,,25.0,4.166666666666666,41.66666666666667,24,12,5000,73,results/persona_surface_generalization_v1/analysis.json
contrast_ci,five_arm_fixed_assignment,B,structured_minus_sliding,,structured_memory_16384,sliding_context_16384,,,delayed,f1,,22.916666666666664,8.333333333333332,37.5,24,12,5000,73,results/persona_surface_generalization_v1/analysis.json
contrast_ci,five_arm_fixed_assignment,B,structured_minus_sliding,,structured_memory_16384,sliding_context_16384,,,source_present,exact_match,,20.454545454545457,2.272727272727273,38.3019639934533,44,12,5000,73,results/persona_surface_generalization_v1/analysis.json
contrast_ci,five_arm_fixed_assignment,B,structured_minus_sliding,,structured_memory_16384,sliding_context_16384,,,source_present,f1,,16.363636363636363,4.888888888888889,26.304902395740893,44,12,5000,73,results/persona_surface_generalization_v1/analysis.json
contrast_ci,five_arm_fixed_assignment,B,structured_minus_sliding,,structured_memory_16384,sliding_context_16384,,,source_absent,exact_match,,0.0,0.0,0.0,76,12,5000,73,results/persona_surface_generalization_v1/analysis.json
contrast_ci,five_arm_fixed_assignment,B,structured_minus_sliding,,structured_memory_16384,sliding_context_16384,,,source_absent,f1,,0.0,0.0,0.0,76,12,5000,73,results/persona_surface_generalization_v1/analysis.json
contrast_ci,five_arm_fixed_assignment,B,full_context_comparisons,,full_qwen_context,sliding_context_16384,,,overall,exact_match,,4.166666666666666,-4.166666666666666,11.666666666666666,120,12,5000,73,results/persona_surface_generalization_v1/analysis.json
contrast_ci,five_arm_fixed_assignment,B,full_context_comparisons,,full_qwen_context,sliding_context_16384,,,overall,f1,,3.5833333333333335,-3.0833333333333335,8.916666666666666,120,12,5000,73,results/persona_surface_generalization_v1/analysis.json
contrast_ci,five_arm_fixed_assignment,B,full_context_comparisons,,full_qwen_context,sliding_context_16384,,,delayed,exact_match,,25.0,8.333333333333332,41.66666666666667,24,12,5000,73,results/persona_surface_generalization_v1/analysis.json
contrast_ci,five_arm_fixed_assignment,B,full_context_comparisons,,full_qwen_context,sliding_context_16384,,,delayed,f1,,26.25,11.25,40.833333333333336,24,12,5000,73,results/persona_surface_generalization_v1/analysis.json
contrast_ci,five_arm_fixed_assignment,B,full_context_comparisons,,full_qwen_context,sliding_context_16384,,,source_present,exact_match,,18.181818181818183,4.444444444444445,33.33333333333333,44,12,5000,73,results/persona_surface_generalization_v1/analysis.json
contrast_ci,five_arm_fixed_assignment,B,full_context_comparisons,,full_qwen_context,sliding_context_16384,,,source_present,f1,,16.59090909090909,6.444047619047619,26.595744680851062,44,12,5000,73,results/persona_surface_generalization_v1/analysis.json
contrast_ci,five_arm_fixed_assignment,B,full_context_comparisons,,full_qwen_context,sliding_context_16384,,,source_absent,exact_match,,-3.9473684210526314,-11.842105263157894,0.0,76,12,5000,73,results/persona_surface_generalization_v1/analysis.json
contrast_ci,five_arm_fixed_assignment,B,full_context_comparisons,,full_qwen_context,sliding_context_16384,,,source_absent,f1,,-3.9473684210526314,-11.842105263157894,0.0,76,12,5000,73,results/persona_surface_generalization_v1/analysis.json
contrast_ci,five_arm_fixed_assignment,B,full_context_comparisons,,full_qwen_context,structured_memory_16384,,,overall,exact_match,,-3.3333333333333335,-10.833333333333334,3.3333333333333335,120,12,5000,73,results/persona_surface_generalization_v1/analysis.json
contrast_ci,five_arm_fixed_assignment,B,full_context_comparisons,,full_qwen_context,structured_memory_16384,,,overall,f1,,-2.4166666666666665,-8.170833333333333,2.0,120,12,5000,73,results/persona_surface_generalization_v1/analysis.json
contrast_ci,five_arm_fixed_assignment,B,full_context_comparisons,,full_qwen_context,structured_memory_16384,,,delayed,exact_match,,0.0,-12.5,12.5,24,12,5000,73,results/persona_surface_generalization_v1/analysis.json
contrast_ci,five_arm_fixed_assignment,B,full_context_comparisons,,full_qwen_context,structured_memory_16384,,,delayed,f1,,3.3333333333333335,-5.0,11.25,24,12,5000,73,results/persona_surface_generalization_v1/analysis.json
contrast_ci,five_arm_fixed_assignment,B,full_context_comparisons,,full_qwen_context,structured_memory_16384,,,source_present,exact_match,,-2.272727272727273,-20.0,13.333333333333334,44,12,5000,73,results/persona_surface_generalization_v1/analysis.json
contrast_ci,five_arm_fixed_assignment,B,full_context_comparisons,,full_qwen_context,structured_memory_16384,,,source_present,f1,,0.2272727272727275,-10.256410256410255,8.695652173913043,44,12,5000,73,results/persona_surface_generalization_v1/analysis.json
contrast_ci,five_arm_fixed_assignment,B,full_context_comparisons,,full_qwen_context,structured_memory_16384,,,source_absent,exact_match,,-3.9473684210526314,-12.0,0.0,76,12,5000,73,results/persona_surface_generalization_v1/analysis.json
contrast_ci,five_arm_fixed_assignment,B,full_context_comparisons,,full_qwen_context,structured_memory_16384,,,source_absent,f1,,-3.9473684210526314,-11.842105263157894,0.0,76,12,5000,73,results/persona_surface_generalization_v1/analysis.json
contrast_ci,five_arm_fixed_assignment,pooled_A_B,structured_minus_sliding,,structured_memory_4096,sliding_context_4096,,,overall,exact_match,,30.416666666666664,26.666666666666668,33.33333333333333,240,12,5000,73,results/persona_surface_generalization_v1/analysis.json
contrast_ci,five_arm_fixed_assignment,pooled_A_B,structured_minus_sliding,,structured_memory_4096,sliding_context_4096,,,overall,f1,,29.125,25.791666666666668,31.833333333333336,240,12,5000,73,results/persona_surface_generalization_v1/analysis.json
contrast_ci,five_arm_fixed_assignment,pooled_A_B,structured_minus_sliding,,structured_memory_4096,sliding_context_4096,,,delayed,exact_match,,72.91666666666666,60.416666666666664,85.41666666666666,48,12,5000,73,results/persona_surface_generalization_v1/analysis.json
contrast_ci,five_arm_fixed_assignment,pooled_A_B,structured_minus_sliding,,structured_memory_4096,sliding_context_4096,,,delayed,f1,,72.91666666666666,60.416666666666664,85.41666666666666,48,12,5000,73,results/persona_surface_generalization_v1/analysis.json
contrast_ci,five_arm_fixed_assignment,pooled_A_B,structured_minus_sliding,,structured_memory_4096,sliding_context_4096,,,source_present,exact_match,,82.95454545454545,75.51020408163265,90.69767441860465,88,12,5000,73,results/persona_surface_generalization_v1/analysis.json
contrast_ci,five_arm_fixed_assignment,pooled_A_B,structured_minus_sliding,,structured_memory_4096,sliding_context_4096,,,source_present,f1,,79.43181818181819,70.8329081632653,87.14326298701297,88,12,5000,73,results/persona_surface_generalization_v1/analysis.json
contrast_ci,five_arm_fixed_assignment,pooled_A_B,structured_minus_sliding,,structured_memory_4096,sliding_context_4096,,,source_absent,exact_match,,0.0,0.0,0.0,152,12,5000,73,results/persona_surface_generalization_v1/analysis.json
contrast_ci,five_arm_fixed_assignment,pooled_A_B,structured_minus_sliding,,structured_memory_4096,sliding_context_4096,,,source_absent,f1,,0.0,0.0,0.0,152,12,5000,73,results/persona_surface_generalization_v1/analysis.json
contrast_ci,five_arm_fixed_assignment,pooled_A_B,structured_minus_sliding,,structured_memory_16384,sliding_context_16384,,,overall,exact_match,,9.166666666666666,4.166666666666666,14.166666666666666,240,12,5000,73,results/persona_surface_generalization_v1/analysis.json
contrast_ci,five_arm_fixed_assignment,pooled_A_B,structured_minus_sliding,,structured_memory_16384,sliding_context_16384,,,overall,f1,,7.180555555555555,3.875,10.027777777777777,240,12,5000,73,results/persona_surface_generalization_v1/analysis.json
contrast_ci,five_arm_fixed_assignment,pooled_A_B,structured_minus_sliding,,structured_memory_16384,sliding_context_16384,,,delayed,exact_match,,27.083333333333332,10.416666666666668,41.66666666666667,48,12,5000,73,results/persona_surface_generalization_v1/analysis.json
contrast_ci,five_arm_fixed_assignment,pooled_A_B,structured_minus_sliding,,structured_memory_16384,sliding_context_16384,,,delayed,f1,,25.0,11.458333333333332,37.5,48,12,5000,73,results/persona_surface_generalization_v1/analysis.json
contrast_ci,five_arm_fixed_assignment,pooled_A_B,structured_minus_sliding,,structured_memory_16384,sliding_context_16384,,,source_present,exact_match,,25.0,10.975609756097562,38.37432915921285,88,12,5000,73,results/persona_surface_generalization_v1/analysis.json
contrast_ci,five_arm_fixed_assignment,pooled_A_B,structured_minus_sliding,,structured_memory_16384,sliding_context_16384,,,source_present,f1,,19.583333333333332,10.36542824730573,27.674587125042127,88,12,5000,73,results/persona_surface_generalization_v1/analysis.json
contrast_ci,five_arm_fixed_assignment,pooled_A_B,structured_minus_sliding,,structured_memory_16384,sliding_context_16384,,,source_absent,exact_match,,0.0,0.0,0.0,152,12,5000,73,results/persona_surface_generalization_v1/analysis.json
contrast_ci,five_arm_fixed_assignment,pooled_A_B,structured_minus_sliding,,structured_memory_16384,sliding_context_16384,,,source_absent,f1,,0.0,0.0,0.0,152,12,5000,73,results/persona_surface_generalization_v1/analysis.json
contrast_ci,five_arm_fixed_assignment,pooled_A_B,full_context_comparisons,,full_qwen_context,sliding_context_16384,,,overall,exact_match,,4.583333333333333,0.0,8.333333333333332,240,12,5000,73,results/persona_surface_generalization_v1/analysis.json
contrast_ci,five_arm_fixed_assignment,pooled_A_B,full_context_comparisons,,full_qwen_context,sliding_context_16384,,,overall,f1,,4.097222222222222,0.12430555555555578,7.430555555555555,240,12,5000,73,results/persona_surface_generalization_v1/analysis.json
contrast_ci,five_arm_fixed_assignment,pooled_A_B,full_context_comparisons,,full_qwen_context,sliding_context_16384,,,delayed,exact_match,,22.916666666666664,6.25,37.5,48,12,5000,73,results/persona_surface_generalization_v1/analysis.json
contrast_ci,five_arm_fixed_assignment,pooled_A_B,full_context_comparisons,,full_qwen_context,sliding_context_16384,,,delayed,f1,,24.23611111111111,10.208333333333334,37.986111111111114,48,12,5000,73,results/persona_surface_generalization_v1/analysis.json
contrast_ci,five_arm_fixed_assignment,pooled_A_B,full_context_comparisons,,full_qwen_context,sliding_context_16384,,,source_present,exact_match,,17.045454545454543,9.523809523809524,25.0,88,12,5000,73,results/persona_surface_generalization_v1/analysis.json
contrast_ci,five_arm_fixed_assignment,pooled_A_B,full_context_comparisons,,full_qwen_context,sliding_context_16384,,,source_present,f1,,15.719696969696969,9.217687074829932,22.791666666666668,88,12,5000,73,results/persona_surface_generalization_v1/analysis.json
contrast_ci,five_arm_fixed_assignment,pooled_A_B,full_context_comparisons,,full_qwen_context,sliding_context_16384,,,source_absent,exact_match,,-2.631578947368421,-6.667682926829268,0.0,152,12,5000,73,results/persona_surface_generalization_v1/analysis.json
contrast_ci,five_arm_fixed_assignment,pooled_A_B,full_context_comparisons,,full_qwen_context,sliding_context_16384,,,source_absent,f1,,-2.631578947368421,-6.756756756756757,0.0,152,12,5000,73,results/persona_surface_generalization_v1/analysis.json
contrast_ci,five_arm_fixed_assignment,pooled_A_B,full_context_comparisons,,full_qwen_context,structured_memory_16384,,,overall,exact_match,,-4.583333333333333,-9.166666666666666,0.0,240,12,5000,73,results/persona_surface_generalization_v1/analysis.json
contrast_ci,five_arm_fixed_assignment,pooled_A_B,full_context_comparisons,,full_qwen_context,structured_memory_16384,,,overall,f1,,-3.0833333333333335,-5.875,-0.2500000000000001,240,12,5000,73,results/persona_surface_generalization_v1/analysis.json
contrast_ci,five_arm_fixed_assignment,pooled_A_B,full_context_comparisons,,full_qwen_context,structured_memory_16384,,,delayed,exact_match,,-4.166666666666666,-12.5,4.166666666666666,48,12,5000,73,results/persona_surface_generalization_v1/analysis.json
contrast_ci,five_arm_fixed_assignment,pooled_A_B,full_context_comparisons,,full_qwen_context,structured_memory_16384,,,delayed,f1,,-0.763888888888889,-5.138888888888889,3.6111111111111116,48,12,5000,73,results/persona_surface_generalization_v1/analysis.json
contrast_ci,five_arm_fixed_assignment,pooled_A_B,full_context_comparisons,,full_qwen_context,structured_memory_16384,,,source_present,exact_match,,-7.954545454545454,-19.565217391304348,2.5,88,12,5000,73,results/persona_surface_generalization_v1/analysis.json
contrast_ci,five_arm_fixed_assignment,pooled_A_B,full_context_comparisons,,full_qwen_context,structured_memory_16384,,,source_present,f1,,-3.863636363636364,-10.543478260869565,2.2222222222222223,88,12,5000,73,results/persona_surface_generalization_v1/analysis.json
contrast_ci,five_arm_fixed_assignment,pooled_A_B,full_context_comparisons,,full_qwen_context,structured_memory_16384,,,source_absent,exact_match,,-2.631578947368421,-6.757590924257591,0.0,152,12,5000,73,results/persona_surface_generalization_v1/analysis.json
contrast_ci,five_arm_fixed_assignment,pooled_A_B,full_context_comparisons,,full_qwen_context,structured_memory_16384,,,source_absent,f1,,-2.631578947368421,-6.875000000000001,0.0,152,12,5000,73,results/persona_surface_generalization_v1/analysis.json
